table,section_id,item,instrument,instructions,section_prompt,item_text,correct_response,option_text,resp
cordova2019_clinical_edu_environment,cordova2019_clinical_edu_environment_1,item_01,"Postgraduate Hospital Educational Environment Measure (PHEEM), Spanish version adapted for physiotherapy interns (Cordova-Leon, Fernandez-Huerta & Rojas-Vargas, 2019) -- dictionary Description says 'DREEM-based' but this is PHEEM, a related but distinct Roff-family environment measure; worth correcting.",,,Conozco el programa de asignatura que provee información sobre las actividades de Práctica Profesional.,,Strongly Disagree,1
cordova2019_clinical_edu_environment,cordova2019_clinical_edu_environment_1,item_01,"Postgraduate Hospital Educational Environment Measure (PHEEM), Spanish version adapted for physiotherapy interns (Cordova-Leon, Fernandez-Huerta & Rojas-Vargas, 2019) -- dictionary Description says 'DREEM-based' but this is PHEEM, a related but distinct Roff-family environment measure; worth correcting.",,,Conozco el programa de asignatura que provee información sobre las actividades de Práctica Profesional.,,Disagree,2
cordova2019_clinical_edu_environment,cordova2019_clinical_edu_environment_1,item_01,"Postgraduate Hospital Educational Environment Measure (PHEEM), Spanish version adapted for physiotherapy interns (Cordova-Leon, Fernandez-Huerta & Rojas-Vargas, 2019) -- dictionary Description says 'DREEM-based' but this is PHEEM, a related but distinct Roff-family environment measure; worth correcting.",,,Conozco el programa de asignatura que provee información sobre las actividades de Práctica Profesional.,,Positive,3
cordova2019_clinical_edu_environment,cordova2019_clinical_edu_environment_1,item_01,"Postgraduate Hospital Educational Environment Measure (PHEEM), Spanish version adapted for physiotherapy interns (Cordova-Leon, Fernandez-Huerta & Rojas-Vargas, 2019) -- dictionary Description says 'DREEM-based' but this is PHEEM, a related but distinct Roff-family environment measure; worth correcting.",,,Conozco el programa de asignatura que provee información sobre las actividades de Práctica Profesional.,,Agree,4
cordova2019_clinical_edu_environment,cordova2019_clinical_edu_environment_1,item_01,"Postgraduate Hospital Educational Environment Measure (PHEEM), Spanish version adapted for physiotherapy interns (Cordova-Leon, Fernandez-Huerta & Rojas-Vargas, 2019) -- dictionary Description says 'DREEM-based' but this is PHEEM, a related but distinct Roff-family environment measure; worth correcting.",,,Conozco el programa de asignatura que provee información sobre las actividades de Práctica Profesional.,,Strongly Agree,5
cordova2019_clinical_edu_environment,cordova2019_clinical_edu_environment_1,item_02,"Postgraduate Hospital Educational Environment Measure (PHEEM), Spanish version adapted for physiotherapy interns (Cordova-Leon, Fernandez-Huerta & Rojas-Vargas, 2019) -- dictionary Description says 'DREEM-based' but this is PHEEM, a related but distinct Roff-family environment measure; worth correcting.",,,Mi(s) tutor(es) establece(n) expectativas claras sobre lo que esperan de mi desempeño.,,Strongly Disagree,1
cordova2019_clinical_edu_environment,cordova2019_clinical_edu_environment_1,item_02,"Postgraduate Hospital Educational Environment Measure (PHEEM), Spanish version adapted for physiotherapy interns (Cordova-Leon, Fernandez-Huerta & Rojas-Vargas, 2019) -- dictionary Description says 'DREEM-based' but this is PHEEM, a related but distinct Roff-family environment measure; worth correcting.",,,Mi(s) tutor(es) establece(n) expectativas claras sobre lo que esperan de mi desempeño.,,Disagree,2
cordova2019_clinical_edu_environment,cordova2019_clinical_edu_environment_1,item_02,"Postgraduate Hospital Educational Environment Measure (PHEEM), Spanish version adapted for physiotherapy interns (Cordova-Leon, Fernandez-Huerta & Rojas-Vargas, 2019) -- dictionary Description says 'DREEM-based' but this is PHEEM, a related but distinct Roff-family environment measure; worth correcting.",,,Mi(s) tutor(es) establece(n) expectativas claras sobre lo que esperan de mi desempeño.,,Positive,3
cordova2019_clinical_edu_environment,cordova2019_clinical_edu_environment_1,item_02,"Postgraduate Hospital Educational Environment Measure (PHEEM), Spanish version adapted for physiotherapy interns (Cordova-Leon, Fernandez-Huerta & Rojas-Vargas, 2019) -- dictionary Description says 'DREEM-based' but this is PHEEM, a related but distinct Roff-family environment measure; worth correcting.",,,Mi(s) tutor(es) establece(n) expectativas claras sobre lo que esperan de mi desempeño.,,Agree,4
cordova2019_clinical_edu_environment,cordova2019_clinical_edu_environment_1,item_02,"Postgraduate Hospital Educational Environment Measure (PHEEM), Spanish version adapted for physiotherapy interns (Cordova-Leon, Fernandez-Huerta & Rojas-Vargas, 2019) -- dictionary Description says 'DREEM-based' but this is PHEEM, a related but distinct Roff-family environment measure; worth correcting.",,,Mi(s) tutor(es) establece(n) expectativas claras sobre lo que esperan de mi desempeño.,,Strongly Agree,5
cordova2019_clinical_edu_environment,cordova2019_clinical_edu_environment_1,item_03,"Postgraduate Hospital Educational Environment Measure (PHEEM), Spanish version adapted for physiotherapy interns (Cordova-Leon, Fernandez-Huerta & Rojas-Vargas, 2019) -- dictionary Description says 'DREEM-based' but this is PHEEM, a related but distinct Roff-family environment measure; worth correcting.",,,Tengo el tiempo suficiente para preparar mis actividades académicas.,,Strongly Disagree,1
cordova2019_clinical_edu_environment,cordova2019_clinical_edu_environment_1,item_03,"Postgraduate Hospital Educational Environment Measure (PHEEM), Spanish version adapted for physiotherapy interns (Cordova-Leon, Fernandez-Huerta & Rojas-Vargas, 2019) -- dictionary Description says 'DREEM-based' but this is PHEEM, a related but distinct Roff-family environment measure; worth correcting.",,,Tengo el tiempo suficiente para preparar mis actividades académicas.,,Disagree,2
cordova2019_clinical_edu_environment,cordova2019_clinical_edu_environment_1,item_03,"Postgraduate Hospital Educational Environment Measure (PHEEM), Spanish version adapted for physiotherapy interns (Cordova-Leon, Fernandez-Huerta & Rojas-Vargas, 2019) -- dictionary Description says 'DREEM-based' but this is PHEEM, a related but distinct Roff-family environment measure; worth correcting.",,,Tengo el tiempo suficiente para preparar mis actividades académicas.,,Positive,3
cordova2019_clinical_edu_environment,cordova2019_clinical_edu_environment_1,item_03,"Postgraduate Hospital Educational Environment Measure (PHEEM), Spanish version adapted for physiotherapy interns (Cordova-Leon, Fernandez-Huerta & Rojas-Vargas, 2019) -- dictionary Description says 'DREEM-based' but this is PHEEM, a related but distinct Roff-family environment measure; worth correcting.",,,Tengo el tiempo suficiente para preparar mis actividades académicas.,,Agree,4
cordova2019_clinical_edu_environment,cordova2019_clinical_edu_environment_1,item_03,"Postgraduate Hospital Educational Environment Measure (PHEEM), Spanish version adapted for physiotherapy interns (Cordova-Leon, Fernandez-Huerta & Rojas-Vargas, 2019) -- dictionary Description says 'DREEM-based' but this is PHEEM, a related but distinct Roff-family environment measure; worth correcting.",,,Tengo el tiempo suficiente para preparar mis actividades académicas.,,Strongly Agree,5
cordova2019_clinical_edu_environment,cordova2019_clinical_edu_environment_1,item_04,"Postgraduate Hospital Educational Environment Measure (PHEEM), Spanish version adapted for physiotherapy interns (Cordova-Leon, Fernandez-Huerta & Rojas-Vargas, 2019) -- dictionary Description says 'DREEM-based' but this is PHEEM, a related but distinct Roff-family environment measure; worth correcting.",,,Tuve un plan de inducción informativo.,,Strongly Disagree,1
cordova2019_clinical_edu_environment,cordova2019_clinical_edu_environment_1,item_04,"Postgraduate Hospital Educational Environment Measure (PHEEM), Spanish version adapted for physiotherapy interns (Cordova-Leon, Fernandez-Huerta & Rojas-Vargas, 2019) -- dictionary Description says 'DREEM-based' but this is PHEEM, a related but distinct Roff-family environment measure; worth correcting.",,,Tuve un plan de inducción informativo.,,Disagree,2
cordova2019_clinical_edu_environment,cordova2019_clinical_edu_environment_1,item_04,"Postgraduate Hospital Educational Environment Measure (PHEEM), Spanish version adapted for physiotherapy interns (Cordova-Leon, Fernandez-Huerta & Rojas-Vargas, 2019) -- dictionary Description says 'DREEM-based' but this is PHEEM, a related but distinct Roff-family environment measure; worth correcting.",,,Tuve un plan de inducción informativo.,,Positive,3
cordova2019_clinical_edu_environment,cordova2019_clinical_edu_environment_1,item_04,"Postgraduate Hospital Educational Environment Measure (PHEEM), Spanish version adapted for physiotherapy interns (Cordova-Leon, Fernandez-Huerta & Rojas-Vargas, 2019) -- dictionary Description says 'DREEM-based' but this is PHEEM, a related but distinct Roff-family environment measure; worth correcting.",,,Tuve un plan de inducción informativo.,,Agree,4
cordova2019_clinical_edu_environment,cordova2019_clinical_edu_environment_1,item_04,"Postgraduate Hospital Educational Environment Measure (PHEEM), Spanish version adapted for physiotherapy interns (Cordova-Leon, Fernandez-Huerta & Rojas-Vargas, 2019) -- dictionary Description says 'DREEM-based' but this is PHEEM, a related but distinct Roff-family environment measure; worth correcting.",,,Tuve un plan de inducción informativo.,,Strongly Agree,5
cordova2019_clinical_edu_environment,cordova2019_clinical_edu_environment_1,item_05,"Postgraduate Hospital Educational Environment Measure (PHEEM), Spanish version adapted for physiotherapy interns (Cordova-Leon, Fernandez-Huerta & Rojas-Vargas, 2019) -- dictionary Description says 'DREEM-based' but this is PHEEM, a related but distinct Roff-family environment measure; worth correcting.",,,Tengo el nivel adecuado de responsabilidad en esta rotación.,,Strongly Disagree,1
cordova2019_clinical_edu_environment,cordova2019_clinical_edu_environment_1,item_05,"Postgraduate Hospital Educational Environment Measure (PHEEM), Spanish version adapted for physiotherapy interns (Cordova-Leon, Fernandez-Huerta & Rojas-Vargas, 2019) -- dictionary Description says 'DREEM-based' but this is PHEEM, a related but distinct Roff-family environment measure; worth correcting.",,,Tengo el nivel adecuado de responsabilidad en esta rotación.,,Disagree,2
cordova2019_clinical_edu_environment,cordova2019_clinical_edu_environment_1,item_05,"Postgraduate Hospital Educational Environment Measure (PHEEM), Spanish version adapted for physiotherapy interns (Cordova-Leon, Fernandez-Huerta & Rojas-Vargas, 2019) -- dictionary Description says 'DREEM-based' but this is PHEEM, a related but distinct Roff-family environment measure; worth correcting.",,,Tengo el nivel adecuado de responsabilidad en esta rotación.,,Positive,3
cordova2019_clinical_edu_environment,cordova2019_clinical_edu_environment_1,item_05,"Postgraduate Hospital Educational Environment Measure (PHEEM), Spanish version adapted for physiotherapy interns (Cordova-Leon, Fernandez-Huerta & Rojas-Vargas, 2019) -- dictionary Description says 'DREEM-based' but this is PHEEM, a related but distinct Roff-family environment measure; worth correcting.",,,Tengo el nivel adecuado de responsabilidad en esta rotación.,,Agree,4
cordova2019_clinical_edu_environment,cordova2019_clinical_edu_environment_1,item_05,"Postgraduate Hospital Educational Environment Measure (PHEEM), Spanish version adapted for physiotherapy interns (Cordova-Leon, Fernandez-Huerta & Rojas-Vargas, 2019) -- dictionary Description says 'DREEM-based' but this is PHEEM, a related but distinct Roff-family environment measure; worth correcting.",,,Tengo el nivel adecuado de responsabilidad en esta rotación.,,Strongly Agree,5
cordova2019_clinical_edu_environment,cordova2019_clinical_edu_environment_1,item_06,"Postgraduate Hospital Educational Environment Measure (PHEEM), Spanish version adapted for physiotherapy interns (Cordova-Leon, Fernandez-Huerta & Rojas-Vargas, 2019) -- dictionary Description says 'DREEM-based' but this is PHEEM, a related but distinct Roff-family environment measure; worth correcting.",,,Tengo supervisión clínica adecuada en todo momento de parte de mi(s) tutor(es).,,Strongly Disagree,1
cordova2019_clinical_edu_environment,cordova2019_clinical_edu_environment_1,item_06,"Postgraduate Hospital Educational Environment Measure (PHEEM), Spanish version adapted for physiotherapy interns (Cordova-Leon, Fernandez-Huerta & Rojas-Vargas, 2019) -- dictionary Description says 'DREEM-based' but this is PHEEM, a related but distinct Roff-family environment measure; worth correcting.",,,Tengo supervisión clínica adecuada en todo momento de parte de mi(s) tutor(es).,,Disagree,2
cordova2019_clinical_edu_environment,cordova2019_clinical_edu_environment_1,item_06,"Postgraduate Hospital Educational Environment Measure (PHEEM), Spanish version adapted for physiotherapy interns (Cordova-Leon, Fernandez-Huerta & Rojas-Vargas, 2019) -- dictionary Description says 'DREEM-based' but this is PHEEM, a related but distinct Roff-family environment measure; worth correcting.",,,Tengo supervisión clínica adecuada en todo momento de parte de mi(s) tutor(es).,,Positive,3
cordova2019_clinical_edu_environment,cordova2019_clinical_edu_environment_1,item_06,"Postgraduate Hospital Educational Environment Measure (PHEEM), Spanish version adapted for physiotherapy interns (Cordova-Leon, Fernandez-Huerta & Rojas-Vargas, 2019) -- dictionary Description says 'DREEM-based' but this is PHEEM, a related but distinct Roff-family environment measure; worth correcting.",,,Tengo supervisión clínica adecuada en todo momento de parte de mi(s) tutor(es).,,Agree,4
cordova2019_clinical_edu_environment,cordova2019_clinical_edu_environment_1,item_06,"Postgraduate Hospital Educational Environment Measure (PHEEM), Spanish version adapted for physiotherapy interns (Cordova-Leon, Fernandez-Huerta & Rojas-Vargas, 2019) -- dictionary Description says 'DREEM-based' but this is PHEEM, a related but distinct Roff-family environment measure; worth correcting.",,,Tengo supervisión clínica adecuada en todo momento de parte de mi(s) tutor(es).,,Strongly Agree,5
cordova2019_clinical_edu_environment,cordova2019_clinical_edu_environment_1,item_07,"Postgraduate Hospital Educational Environment Measure (PHEEM), Spanish version adapted for physiotherapy interns (Cordova-Leon, Fernandez-Huerta & Rojas-Vargas, 2019) -- dictionary Description says 'DREEM-based' but this is PHEEM, a related but distinct Roff-family environment measure; worth correcting.",,,Hay discriminación cultural y religiosa en esta rotación.,,Strongly Disagree,1
cordova2019_clinical_edu_environment,cordova2019_clinical_edu_environment_1,item_07,"Postgraduate Hospital Educational Environment Measure (PHEEM), Spanish version adapted for physiotherapy interns (Cordova-Leon, Fernandez-Huerta & Rojas-Vargas, 2019) -- dictionary Description says 'DREEM-based' but this is PHEEM, a related but distinct Roff-family environment measure; worth correcting.",,,Hay discriminación cultural y religiosa en esta rotación.,,Disagree,2
cordova2019_clinical_edu_environment,cordova2019_clinical_edu_environment_1,item_07,"Postgraduate Hospital Educational Environment Measure (PHEEM), Spanish version adapted for physiotherapy interns (Cordova-Leon, Fernandez-Huerta & Rojas-Vargas, 2019) -- dictionary Description says 'DREEM-based' but this is PHEEM, a related but distinct Roff-family environment measure; worth correcting.",,,Hay discriminación cultural y religiosa en esta rotación.,,Positive,3
cordova2019_clinical_edu_environment,cordova2019_clinical_edu_environment_1,item_07,"Postgraduate Hospital Educational Environment Measure (PHEEM), Spanish version adapted for physiotherapy interns (Cordova-Leon, Fernandez-Huerta & Rojas-Vargas, 2019) -- dictionary Description says 'DREEM-based' but this is PHEEM, a related but distinct Roff-family environment measure; worth correcting.",,,Hay discriminación cultural y religiosa en esta rotación.,,Agree,4
cordova2019_clinical_edu_environment,cordova2019_clinical_edu_environment_1,item_07,"Postgraduate Hospital Educational Environment Measure (PHEEM), Spanish version adapted for physiotherapy interns (Cordova-Leon, Fernandez-Huerta & Rojas-Vargas, 2019) -- dictionary Description says 'DREEM-based' but this is PHEEM, a related but distinct Roff-family environment measure; worth correcting.",,,Hay discriminación cultural y religiosa en esta rotación.,,Strongly Agree,5
cordova2019_clinical_edu_environment,cordova2019_clinical_edu_environment_1,item_08,"Postgraduate Hospital Educational Environment Measure (PHEEM), Spanish version adapted for physiotherapy interns (Cordova-Leon, Fernandez-Huerta & Rojas-Vargas, 2019) -- dictionary Description says 'DREEM-based' but this is PHEEM, a related but distinct Roff-family environment measure; worth correcting.",,,Tengo que realizar tareas que no corresponden a un interno de kinesiología.,,Strongly Disagree,1
cordova2019_clinical_edu_environment,cordova2019_clinical_edu_environment_1,item_08,"Postgraduate Hospital Educational Environment Measure (PHEEM), Spanish version adapted for physiotherapy interns (Cordova-Leon, Fernandez-Huerta & Rojas-Vargas, 2019) -- dictionary Description says 'DREEM-based' but this is PHEEM, a related but distinct Roff-family environment measure; worth correcting.",,,Tengo que realizar tareas que no corresponden a un interno de kinesiología.,,Disagree,2
cordova2019_clinical_edu_environment,cordova2019_clinical_edu_environment_1,item_08,"Postgraduate Hospital Educational Environment Measure (PHEEM), Spanish version adapted for physiotherapy interns (Cordova-Leon, Fernandez-Huerta & Rojas-Vargas, 2019) -- dictionary Description says 'DREEM-based' but this is PHEEM, a related but distinct Roff-family environment measure; worth correcting.",,,Tengo que realizar tareas que no corresponden a un interno de kinesiología.,,Positive,3
cordova2019_clinical_edu_environment,cordova2019_clinical_edu_environment_1,item_08,"Postgraduate Hospital Educational Environment Measure (PHEEM), Spanish version adapted for physiotherapy interns (Cordova-Leon, Fernandez-Huerta & Rojas-Vargas, 2019) -- dictionary Description says 'DREEM-based' but this is PHEEM, a related but distinct Roff-family environment measure; worth correcting.",,,Tengo que realizar tareas que no corresponden a un interno de kinesiología.,,Agree,4
cordova2019_clinical_edu_environment,cordova2019_clinical_edu_environment_1,item_08,"Postgraduate Hospital Educational Environment Measure (PHEEM), Spanish version adapted for physiotherapy interns (Cordova-Leon, Fernandez-Huerta & Rojas-Vargas, 2019) -- dictionary Description says 'DREEM-based' but this is PHEEM, a related but distinct Roff-family environment measure; worth correcting.",,,Tengo que realizar tareas que no corresponden a un interno de kinesiología.,,Strongly Agree,5
cordova2019_clinical_edu_environment,cordova2019_clinical_edu_environment_1,item_09,"Postgraduate Hospital Educational Environment Measure (PHEEM), Spanish version adapted for physiotherapy interns (Cordova-Leon, Fernandez-Huerta & Rojas-Vargas, 2019) -- dictionary Description says 'DREEM-based' but this is PHEEM, a related but distinct Roff-family environment measure; worth correcting.",,,Hay un manual normativo de conductas profesionales para los internos.,,Strongly Disagree,1
cordova2019_clinical_edu_environment,cordova2019_clinical_edu_environment_1,item_09,"Postgraduate Hospital Educational Environment Measure (PHEEM), Spanish version adapted for physiotherapy interns (Cordova-Leon, Fernandez-Huerta & Rojas-Vargas, 2019) -- dictionary Description says 'DREEM-based' but this is PHEEM, a related but distinct Roff-family environment measure; worth correcting.",,,Hay un manual normativo de conductas profesionales para los internos.,,Disagree,2
cordova2019_clinical_edu_environment,cordova2019_clinical_edu_environment_1,item_09,"Postgraduate Hospital Educational Environment Measure (PHEEM), Spanish version adapted for physiotherapy interns (Cordova-Leon, Fernandez-Huerta & Rojas-Vargas, 2019) -- dictionary Description says 'DREEM-based' but this is PHEEM, a related but distinct Roff-family environment measure; worth correcting.",,,Hay un manual normativo de conductas profesionales para los internos.,,Positive,3
cordova2019_clinical_edu_environment,cordova2019_clinical_edu_environment_1,item_09,"Postgraduate Hospital Educational Environment Measure (PHEEM), Spanish version adapted for physiotherapy interns (Cordova-Leon, Fernandez-Huerta & Rojas-Vargas, 2019) -- dictionary Description says 'DREEM-based' but this is PHEEM, a related but distinct Roff-family environment measure; worth correcting.",,,Hay un manual normativo de conductas profesionales para los internos.,,Agree,4
cordova2019_clinical_edu_environment,cordova2019_clinical_edu_environment_1,item_09,"Postgraduate Hospital Educational Environment Measure (PHEEM), Spanish version adapted for physiotherapy interns (Cordova-Leon, Fernandez-Huerta & Rojas-Vargas, 2019) -- dictionary Description says 'DREEM-based' but this is PHEEM, a related but distinct Roff-family environment measure; worth correcting.",,,Hay un manual normativo de conductas profesionales para los internos.,,Strongly Agree,5
cordova2019_clinical_edu_environment,cordova2019_clinical_edu_environment_1,item_10,"Postgraduate Hospital Educational Environment Measure (PHEEM), Spanish version adapted for physiotherapy interns (Cordova-Leon, Fernandez-Huerta & Rojas-Vargas, 2019) -- dictionary Description says 'DREEM-based' but this is PHEEM, a related but distinct Roff-family environment measure; worth correcting.",,,Mi(s) tutor(es) tiene(n) buenas habilidades de comunicación con los internos.,,Strongly Disagree,1
cordova2019_clinical_edu_environment,cordova2019_clinical_edu_environment_1,item_10,"Postgraduate Hospital Educational Environment Measure (PHEEM), Spanish version adapted for physiotherapy interns (Cordova-Leon, Fernandez-Huerta & Rojas-Vargas, 2019) -- dictionary Description says 'DREEM-based' but this is PHEEM, a related but distinct Roff-family environment measure; worth correcting.",,,Mi(s) tutor(es) tiene(n) buenas habilidades de comunicación con los internos.,,Disagree,2
cordova2019_clinical_edu_environment,cordova2019_clinical_edu_environment_1,item_10,"Postgraduate Hospital Educational Environment Measure (PHEEM), Spanish version adapted for physiotherapy interns (Cordova-Leon, Fernandez-Huerta & Rojas-Vargas, 2019) -- dictionary Description says 'DREEM-based' but this is PHEEM, a related but distinct Roff-family environment measure; worth correcting.",,,Mi(s) tutor(es) tiene(n) buenas habilidades de comunicación con los internos.,,Positive,3
cordova2019_clinical_edu_environment,cordova2019_clinical_edu_environment_1,item_10,"Postgraduate Hospital Educational Environment Measure (PHEEM), Spanish version adapted for physiotherapy interns (Cordova-Leon, Fernandez-Huerta & Rojas-Vargas, 2019) -- dictionary Description says 'DREEM-based' but this is PHEEM, a related but distinct Roff-family environment measure; worth correcting.",,,Mi(s) tutor(es) tiene(n) buenas habilidades de comunicación con los internos.,,Agree,4
cordova2019_clinical_edu_environment,cordova2019_clinical_edu_environment_1,item_10,"Postgraduate Hospital Educational Environment Measure (PHEEM), Spanish version adapted for physiotherapy interns (Cordova-Leon, Fernandez-Huerta & Rojas-Vargas, 2019) -- dictionary Description says 'DREEM-based' but this is PHEEM, a related but distinct Roff-family environment measure; worth correcting.",,,Mi(s) tutor(es) tiene(n) buenas habilidades de comunicación con los internos.,,Strongly Agree,5
cordova2019_clinical_edu_environment,cordova2019_clinical_edu_environment_1,item_11,"Postgraduate Hospital Educational Environment Measure (PHEEM), Spanish version adapted for physiotherapy interns (Cordova-Leon, Fernandez-Huerta & Rojas-Vargas, 2019) -- dictionary Description says 'DREEM-based' but this is PHEEM, a related but distinct Roff-family environment measure; worth correcting.",,,Soy interrumpido de manera inapropiada durante mi trabajo de interno.,,Strongly Disagree,1
cordova2019_clinical_edu_environment,cordova2019_clinical_edu_environment_1,item_11,"Postgraduate Hospital Educational Environment Measure (PHEEM), Spanish version adapted for physiotherapy interns (Cordova-Leon, Fernandez-Huerta & Rojas-Vargas, 2019) -- dictionary Description says 'DREEM-based' but this is PHEEM, a related but distinct Roff-family environment measure; worth correcting.",,,Soy interrumpido de manera inapropiada durante mi trabajo de interno.,,Disagree,2
cordova2019_clinical_edu_environment,cordova2019_clinical_edu_environment_1,item_11,"Postgraduate Hospital Educational Environment Measure (PHEEM), Spanish version adapted for physiotherapy interns (Cordova-Leon, Fernandez-Huerta & Rojas-Vargas, 2019) -- dictionary Description says 'DREEM-based' but this is PHEEM, a related but distinct Roff-family environment measure; worth correcting.",,,Soy interrumpido de manera inapropiada durante mi trabajo de interno.,,Positive,3
cordova2019_clinical_edu_environment,cordova2019_clinical_edu_environment_1,item_11,"Postgraduate Hospital Educational Environment Measure (PHEEM), Spanish version adapted for physiotherapy interns (Cordova-Leon, Fernandez-Huerta & Rojas-Vargas, 2019) -- dictionary Description says 'DREEM-based' but this is PHEEM, a related but distinct Roff-family environment measure; worth correcting.",,,Soy interrumpido de manera inapropiada durante mi trabajo de interno.,,Agree,4
cordova2019_clinical_edu_environment,cordova2019_clinical_edu_environment_1,item_11,"Postgraduate Hospital Educational Environment Measure (PHEEM), Spanish version adapted for physiotherapy interns (Cordova-Leon, Fernandez-Huerta & Rojas-Vargas, 2019) -- dictionary Description says 'DREEM-based' but this is PHEEM, a related but distinct Roff-family environment measure; worth correcting.",,,Soy interrumpido de manera inapropiada durante mi trabajo de interno.,,Strongly Agree,5
cordova2019_clinical_edu_environment,cordova2019_clinical_edu_environment_1,item_12,"Postgraduate Hospital Educational Environment Measure (PHEEM), Spanish version adapted for physiotherapy interns (Cordova-Leon, Fernandez-Huerta & Rojas-Vargas, 2019) -- dictionary Description says 'DREEM-based' but this is PHEEM, a related but distinct Roff-family environment measure; worth correcting.",,,Puedo participar activamente en otras actividades educativas.,,Strongly Disagree,1
cordova2019_clinical_edu_environment,cordova2019_clinical_edu_environment_1,item_12,"Postgraduate Hospital Educational Environment Measure (PHEEM), Spanish version adapted for physiotherapy interns (Cordova-Leon, Fernandez-Huerta & Rojas-Vargas, 2019) -- dictionary Description says 'DREEM-based' but this is PHEEM, a related but distinct Roff-family environment measure; worth correcting.",,,Puedo participar activamente en otras actividades educativas.,,Disagree,2
cordova2019_clinical_edu_environment,cordova2019_clinical_edu_environment_1,item_12,"Postgraduate Hospital Educational Environment Measure (PHEEM), Spanish version adapted for physiotherapy interns (Cordova-Leon, Fernandez-Huerta & Rojas-Vargas, 2019) -- dictionary Description says 'DREEM-based' but this is PHEEM, a related but distinct Roff-family environment measure; worth correcting.",,,Puedo participar activamente en otras actividades educativas.,,Positive,3
cordova2019_clinical_edu_environment,cordova2019_clinical_edu_environment_1,item_12,"Postgraduate Hospital Educational Environment Measure (PHEEM), Spanish version adapted for physiotherapy interns (Cordova-Leon, Fernandez-Huerta & Rojas-Vargas, 2019) -- dictionary Description says 'DREEM-based' but this is PHEEM, a related but distinct Roff-family environment measure; worth correcting.",,,Puedo participar activamente en otras actividades educativas.,,Agree,4
cordova2019_clinical_edu_environment,cordova2019_clinical_edu_environment_1,item_12,"Postgraduate Hospital Educational Environment Measure (PHEEM), Spanish version adapted for physiotherapy interns (Cordova-Leon, Fernandez-Huerta & Rojas-Vargas, 2019) -- dictionary Description says 'DREEM-based' but this is PHEEM, a related but distinct Roff-family environment measure; worth correcting.",,,Puedo participar activamente en otras actividades educativas.,,Strongly Agree,5
cordova2019_clinical_edu_environment,cordova2019_clinical_edu_environment_1,item_13,"Postgraduate Hospital Educational Environment Measure (PHEEM), Spanish version adapted for physiotherapy interns (Cordova-Leon, Fernandez-Huerta & Rojas-Vargas, 2019) -- dictionary Description says 'DREEM-based' but this is PHEEM, a related but distinct Roff-family environment measure; worth correcting.",,,Hay discriminación por sexo en esta rotación.,,Strongly Disagree,1
cordova2019_clinical_edu_environment,cordova2019_clinical_edu_environment_1,item_13,"Postgraduate Hospital Educational Environment Measure (PHEEM), Spanish version adapted for physiotherapy interns (Cordova-Leon, Fernandez-Huerta & Rojas-Vargas, 2019) -- dictionary Description says 'DREEM-based' but this is PHEEM, a related but distinct Roff-family environment measure; worth correcting.",,,Hay discriminación por sexo en esta rotación.,,Disagree,2
cordova2019_clinical_edu_environment,cordova2019_clinical_edu_environment_1,item_13,"Postgraduate Hospital Educational Environment Measure (PHEEM), Spanish version adapted for physiotherapy interns (Cordova-Leon, Fernandez-Huerta & Rojas-Vargas, 2019) -- dictionary Description says 'DREEM-based' but this is PHEEM, a related but distinct Roff-family environment measure; worth correcting.",,,Hay discriminación por sexo en esta rotación.,,Positive,3
cordova2019_clinical_edu_environment,cordova2019_clinical_edu_environment_1,item_13,"Postgraduate Hospital Educational Environment Measure (PHEEM), Spanish version adapted for physiotherapy interns (Cordova-Leon, Fernandez-Huerta & Rojas-Vargas, 2019) -- dictionary Description says 'DREEM-based' but this is PHEEM, a related but distinct Roff-family environment measure; worth correcting.",,,Hay discriminación por sexo en esta rotación.,,Agree,4
cordova2019_clinical_edu_environment,cordova2019_clinical_edu_environment_1,item_13,"Postgraduate Hospital Educational Environment Measure (PHEEM), Spanish version adapted for physiotherapy interns (Cordova-Leon, Fernandez-Huerta & Rojas-Vargas, 2019) -- dictionary Description says 'DREEM-based' but this is PHEEM, a related but distinct Roff-family environment measure; worth correcting.",,,Hay discriminación por sexo en esta rotación.,,Strongly Agree,5
cordova2019_clinical_edu_environment,cordova2019_clinical_edu_environment_1,item_14,"Postgraduate Hospital Educational Environment Measure (PHEEM), Spanish version adapted for physiotherapy interns (Cordova-Leon, Fernandez-Huerta & Rojas-Vargas, 2019) -- dictionary Description says 'DREEM-based' but this is PHEEM, a related but distinct Roff-family environment measure; worth correcting.",,,Tengo guías claras acerca de mis actividades en esta rotación.,,Strongly Disagree,1
cordova2019_clinical_edu_environment,cordova2019_clinical_edu_environment_1,item_14,"Postgraduate Hospital Educational Environment Measure (PHEEM), Spanish version adapted for physiotherapy interns (Cordova-Leon, Fernandez-Huerta & Rojas-Vargas, 2019) -- dictionary Description says 'DREEM-based' but this is PHEEM, a related but distinct Roff-family environment measure; worth correcting.",,,Tengo guías claras acerca de mis actividades en esta rotación.,,Disagree,2
cordova2019_clinical_edu_environment,cordova2019_clinical_edu_environment_1,item_14,"Postgraduate Hospital Educational Environment Measure (PHEEM), Spanish version adapted for physiotherapy interns (Cordova-Leon, Fernandez-Huerta & Rojas-Vargas, 2019) -- dictionary Description says 'DREEM-based' but this is PHEEM, a related but distinct Roff-family environment measure; worth correcting.",,,Tengo guías claras acerca de mis actividades en esta rotación.,,Positive,3
cordova2019_clinical_edu_environment,cordova2019_clinical_edu_environment_1,item_14,"Postgraduate Hospital Educational Environment Measure (PHEEM), Spanish version adapted for physiotherapy interns (Cordova-Leon, Fernandez-Huerta & Rojas-Vargas, 2019) -- dictionary Description says 'DREEM-based' but this is PHEEM, a related but distinct Roff-family environment measure; worth correcting.",,,Tengo guías claras acerca de mis actividades en esta rotación.,,Agree,4
cordova2019_clinical_edu_environment,cordova2019_clinical_edu_environment_1,item_14,"Postgraduate Hospital Educational Environment Measure (PHEEM), Spanish version adapted for physiotherapy interns (Cordova-Leon, Fernandez-Huerta & Rojas-Vargas, 2019) -- dictionary Description says 'DREEM-based' but this is PHEEM, a related but distinct Roff-family environment measure; worth correcting.",,,Tengo guías claras acerca de mis actividades en esta rotación.,,Strongly Agree,5
cordova2019_clinical_edu_environment,cordova2019_clinical_edu_environment_1,item_15,"Postgraduate Hospital Educational Environment Measure (PHEEM), Spanish version adapted for physiotherapy interns (Cordova-Leon, Fernandez-Huerta & Rojas-Vargas, 2019) -- dictionary Description says 'DREEM-based' but this is PHEEM, a related but distinct Roff-family environment measure; worth correcting.",,,Mi(s) tutor(es) es(son) entusiasta(s).,,Strongly Disagree,1
cordova2019_clinical_edu_environment,cordova2019_clinical_edu_environment_1,item_15,"Postgraduate Hospital Educational Environment Measure (PHEEM), Spanish version adapted for physiotherapy interns (Cordova-Leon, Fernandez-Huerta & Rojas-Vargas, 2019) -- dictionary Description says 'DREEM-based' but this is PHEEM, a related but distinct Roff-family environment measure; worth correcting.",,,Mi(s) tutor(es) es(son) entusiasta(s).,,Disagree,2
cordova2019_clinical_edu_environment,cordova2019_clinical_edu_environment_1,item_15,"Postgraduate Hospital Educational Environment Measure (PHEEM), Spanish version adapted for physiotherapy interns (Cordova-Leon, Fernandez-Huerta & Rojas-Vargas, 2019) -- dictionary Description says 'DREEM-based' but this is PHEEM, a related but distinct Roff-family environment measure; worth correcting.",,,Mi(s) tutor(es) es(son) entusiasta(s).,,Positive,3
cordova2019_clinical_edu_environment,cordova2019_clinical_edu_environment_1,item_15,"Postgraduate Hospital Educational Environment Measure (PHEEM), Spanish version adapted for physiotherapy interns (Cordova-Leon, Fernandez-Huerta & Rojas-Vargas, 2019) -- dictionary Description says 'DREEM-based' but this is PHEEM, a related but distinct Roff-family environment measure; worth correcting.",,,Mi(s) tutor(es) es(son) entusiasta(s).,,Agree,4
cordova2019_clinical_edu_environment,cordova2019_clinical_edu_environment_1,item_15,"Postgraduate Hospital Educational Environment Measure (PHEEM), Spanish version adapted for physiotherapy interns (Cordova-Leon, Fernandez-Huerta & Rojas-Vargas, 2019) -- dictionary Description says 'DREEM-based' but this is PHEEM, a related but distinct Roff-family environment measure; worth correcting.",,,Mi(s) tutor(es) es(son) entusiasta(s).,,Strongly Agree,5
cordova2019_clinical_edu_environment,cordova2019_clinical_edu_environment_1,item_16,"Postgraduate Hospital Educational Environment Measure (PHEEM), Spanish version adapted for physiotherapy interns (Cordova-Leon, Fernandez-Huerta & Rojas-Vargas, 2019) -- dictionary Description says 'DREEM-based' but this is PHEEM, a related but distinct Roff-family environment measure; worth correcting.",,,Tengo una buena colaboración con mis compañeros.,,Strongly Disagree,1
cordova2019_clinical_edu_environment,cordova2019_clinical_edu_environment_1,item_16,"Postgraduate Hospital Educational Environment Measure (PHEEM), Spanish version adapted for physiotherapy interns (Cordova-Leon, Fernandez-Huerta & Rojas-Vargas, 2019) -- dictionary Description says 'DREEM-based' but this is PHEEM, a related but distinct Roff-family environment measure; worth correcting.",,,Tengo una buena colaboración con mis compañeros.,,Disagree,2
cordova2019_clinical_edu_environment,cordova2019_clinical_edu_environment_1,item_16,"Postgraduate Hospital Educational Environment Measure (PHEEM), Spanish version adapted for physiotherapy interns (Cordova-Leon, Fernandez-Huerta & Rojas-Vargas, 2019) -- dictionary Description says 'DREEM-based' but this is PHEEM, a related but distinct Roff-family environment measure; worth correcting.",,,Tengo una buena colaboración con mis compañeros.,,Positive,3
cordova2019_clinical_edu_environment,cordova2019_clinical_edu_environment_1,item_16,"Postgraduate Hospital Educational Environment Measure (PHEEM), Spanish version adapted for physiotherapy interns (Cordova-Leon, Fernandez-Huerta & Rojas-Vargas, 2019) -- dictionary Description says 'DREEM-based' but this is PHEEM, a related but distinct Roff-family environment measure; worth correcting.",,,Tengo una buena colaboración con mis compañeros.,,Agree,4
cordova2019_clinical_edu_environment,cordova2019_clinical_edu_environment_1,item_16,"Postgraduate Hospital Educational Environment Measure (PHEEM), Spanish version adapted for physiotherapy interns (Cordova-Leon, Fernandez-Huerta & Rojas-Vargas, 2019) -- dictionary Description says 'DREEM-based' but this is PHEEM, a related but distinct Roff-family environment measure; worth correcting.",,,Tengo una buena colaboración con mis compañeros.,,Strongly Agree,5
cordova2019_clinical_edu_environment,cordova2019_clinical_edu_environment_1,item_17,"Postgraduate Hospital Educational Environment Measure (PHEEM), Spanish version adapted for physiotherapy interns (Cordova-Leon, Fernandez-Huerta & Rojas-Vargas, 2019) -- dictionary Description says 'DREEM-based' but this is PHEEM, a related but distinct Roff-family environment measure; worth correcting.",,,Mi horario se ajusta al horario previamente informado.,,Strongly Disagree,1
cordova2019_clinical_edu_environment,cordova2019_clinical_edu_environment_1,item_17,"Postgraduate Hospital Educational Environment Measure (PHEEM), Spanish version adapted for physiotherapy interns (Cordova-Leon, Fernandez-Huerta & Rojas-Vargas, 2019) -- dictionary Description says 'DREEM-based' but this is PHEEM, a related but distinct Roff-family environment measure; worth correcting.",,,Mi horario se ajusta al horario previamente informado.,,Disagree,2
cordova2019_clinical_edu_environment,cordova2019_clinical_edu_environment_1,item_17,"Postgraduate Hospital Educational Environment Measure (PHEEM), Spanish version adapted for physiotherapy interns (Cordova-Leon, Fernandez-Huerta & Rojas-Vargas, 2019) -- dictionary Description says 'DREEM-based' but this is PHEEM, a related but distinct Roff-family environment measure; worth correcting.",,,Mi horario se ajusta al horario previamente informado.,,Positive,3
cordova2019_clinical_edu_environment,cordova2019_clinical_edu_environment_1,item_17,"Postgraduate Hospital Educational Environment Measure (PHEEM), Spanish version adapted for physiotherapy interns (Cordova-Leon, Fernandez-Huerta & Rojas-Vargas, 2019) -- dictionary Description says 'DREEM-based' but this is PHEEM, a related but distinct Roff-family environment measure; worth correcting.",,,Mi horario se ajusta al horario previamente informado.,,Agree,4
cordova2019_clinical_edu_environment,cordova2019_clinical_edu_environment_1,item_17,"Postgraduate Hospital Educational Environment Measure (PHEEM), Spanish version adapted for physiotherapy interns (Cordova-Leon, Fernandez-Huerta & Rojas-Vargas, 2019) -- dictionary Description says 'DREEM-based' but this is PHEEM, a related but distinct Roff-family environment measure; worth correcting.",,,Mi horario se ajusta al horario previamente informado.,,Strongly Agree,5
cordova2019_clinical_edu_environment,cordova2019_clinical_edu_environment_1,item_18,"Postgraduate Hospital Educational Environment Measure (PHEEM), Spanish version adapted for physiotherapy interns (Cordova-Leon, Fernandez-Huerta & Rojas-Vargas, 2019) -- dictionary Description says 'DREEM-based' but this is PHEEM, a related but distinct Roff-family environment measure; worth correcting.",,,Tengo la oportunidad de seguir la evolución de los usuarios y/o comunidades.,,Strongly Disagree,1
cordova2019_clinical_edu_environment,cordova2019_clinical_edu_environment_1,item_18,"Postgraduate Hospital Educational Environment Measure (PHEEM), Spanish version adapted for physiotherapy interns (Cordova-Leon, Fernandez-Huerta & Rojas-Vargas, 2019) -- dictionary Description says 'DREEM-based' but this is PHEEM, a related but distinct Roff-family environment measure; worth correcting.",,,Tengo la oportunidad de seguir la evolución de los usuarios y/o comunidades.,,Disagree,2
cordova2019_clinical_edu_environment,cordova2019_clinical_edu_environment_1,item_18,"Postgraduate Hospital Educational Environment Measure (PHEEM), Spanish version adapted for physiotherapy interns (Cordova-Leon, Fernandez-Huerta & Rojas-Vargas, 2019) -- dictionary Description says 'DREEM-based' but this is PHEEM, a related but distinct Roff-family environment measure; worth correcting.",,,Tengo la oportunidad de seguir la evolución de los usuarios y/o comunidades.,,Positive,3
cordova2019_clinical_edu_environment,cordova2019_clinical_edu_environment_1,item_18,"Postgraduate Hospital Educational Environment Measure (PHEEM), Spanish version adapted for physiotherapy interns (Cordova-Leon, Fernandez-Huerta & Rojas-Vargas, 2019) -- dictionary Description says 'DREEM-based' but this is PHEEM, a related but distinct Roff-family environment measure; worth correcting.",,,Tengo la oportunidad de seguir la evolución de los usuarios y/o comunidades.,,Agree,4
cordova2019_clinical_edu_environment,cordova2019_clinical_edu_environment_1,item_18,"Postgraduate Hospital Educational Environment Measure (PHEEM), Spanish version adapted for physiotherapy interns (Cordova-Leon, Fernandez-Huerta & Rojas-Vargas, 2019) -- dictionary Description says 'DREEM-based' but this is PHEEM, a related but distinct Roff-family environment measure; worth correcting.",,,Tengo la oportunidad de seguir la evolución de los usuarios y/o comunidades.,,Strongly Agree,5
cordova2019_clinical_edu_environment,cordova2019_clinical_edu_environment_1,item_19,"Postgraduate Hospital Educational Environment Measure (PHEEM), Spanish version adapted for physiotherapy interns (Cordova-Leon, Fernandez-Huerta & Rojas-Vargas, 2019) -- dictionary Description says 'DREEM-based' but this is PHEEM, a related but distinct Roff-family environment measure; worth correcting.",,,Tengo de parte de mi(s) tutor(es) una guía adecuada en mi trabajo como interno.,,Strongly Disagree,1
cordova2019_clinical_edu_environment,cordova2019_clinical_edu_environment_1,item_19,"Postgraduate Hospital Educational Environment Measure (PHEEM), Spanish version adapted for physiotherapy interns (Cordova-Leon, Fernandez-Huerta & Rojas-Vargas, 2019) -- dictionary Description says 'DREEM-based' but this is PHEEM, a related but distinct Roff-family environment measure; worth correcting.",,,Tengo de parte de mi(s) tutor(es) una guía adecuada en mi trabajo como interno.,,Disagree,2
cordova2019_clinical_edu_environment,cordova2019_clinical_edu_environment_1,item_19,"Postgraduate Hospital Educational Environment Measure (PHEEM), Spanish version adapted for physiotherapy interns (Cordova-Leon, Fernandez-Huerta & Rojas-Vargas, 2019) -- dictionary Description says 'DREEM-based' but this is PHEEM, a related but distinct Roff-family environment measure; worth correcting.",,,Tengo de parte de mi(s) tutor(es) una guía adecuada en mi trabajo como interno.,,Positive,3
cordova2019_clinical_edu_environment,cordova2019_clinical_edu_environment_1,item_19,"Postgraduate Hospital Educational Environment Measure (PHEEM), Spanish version adapted for physiotherapy interns (Cordova-Leon, Fernandez-Huerta & Rojas-Vargas, 2019) -- dictionary Description says 'DREEM-based' but this is PHEEM, a related but distinct Roff-family environment measure; worth correcting.",,,Tengo de parte de mi(s) tutor(es) una guía adecuada en mi trabajo como interno.,,Agree,4
cordova2019_clinical_edu_environment,cordova2019_clinical_edu_environment_1,item_19,"Postgraduate Hospital Educational Environment Measure (PHEEM), Spanish version adapted for physiotherapy interns (Cordova-Leon, Fernandez-Huerta & Rojas-Vargas, 2019) -- dictionary Description says 'DREEM-based' but this is PHEEM, a related but distinct Roff-family environment measure; worth correcting.",,,Tengo de parte de mi(s) tutor(es) una guía adecuada en mi trabajo como interno.,,Strongly Agree,5
cordova2019_clinical_edu_environment,cordova2019_clinical_edu_environment_1,item_20,"Postgraduate Hospital Educational Environment Measure (PHEEM), Spanish version adapted for physiotherapy interns (Cordova-Leon, Fernandez-Huerta & Rojas-Vargas, 2019) -- dictionary Description says 'DREEM-based' but this is PHEEM, a related but distinct Roff-family environment measure; worth correcting.",,,Este establecimiento tiene una buena calidad de espacios físicos para desarrollar actividades docentes.,,Strongly Disagree,1
cordova2019_clinical_edu_environment,cordova2019_clinical_edu_environment_1,item_20,"Postgraduate Hospital Educational Environment Measure (PHEEM), Spanish version adapted for physiotherapy interns (Cordova-Leon, Fernandez-Huerta & Rojas-Vargas, 2019) -- dictionary Description says 'DREEM-based' but this is PHEEM, a related but distinct Roff-family environment measure; worth correcting.",,,Este establecimiento tiene una buena calidad de espacios físicos para desarrollar actividades docentes.,,Disagree,2
cordova2019_clinical_edu_environment,cordova2019_clinical_edu_environment_1,item_20,"Postgraduate Hospital Educational Environment Measure (PHEEM), Spanish version adapted for physiotherapy interns (Cordova-Leon, Fernandez-Huerta & Rojas-Vargas, 2019) -- dictionary Description says 'DREEM-based' but this is PHEEM, a related but distinct Roff-family environment measure; worth correcting.",,,Este establecimiento tiene una buena calidad de espacios físicos para desarrollar actividades docentes.,,Positive,3
cordova2019_clinical_edu_environment,cordova2019_clinical_edu_environment_1,item_20,"Postgraduate Hospital Educational Environment Measure (PHEEM), Spanish version adapted for physiotherapy interns (Cordova-Leon, Fernandez-Huerta & Rojas-Vargas, 2019) -- dictionary Description says 'DREEM-based' but this is PHEEM, a related but distinct Roff-family environment measure; worth correcting.",,,Este establecimiento tiene una buena calidad de espacios físicos para desarrollar actividades docentes.,,Agree,4
cordova2019_clinical_edu_environment,cordova2019_clinical_edu_environment_1,item_20,"Postgraduate Hospital Educational Environment Measure (PHEEM), Spanish version adapted for physiotherapy interns (Cordova-Leon, Fernandez-Huerta & Rojas-Vargas, 2019) -- dictionary Description says 'DREEM-based' but this is PHEEM, a related but distinct Roff-family environment measure; worth correcting.",,,Este establecimiento tiene una buena calidad de espacios físicos para desarrollar actividades docentes.,,Strongly Agree,5
cordova2019_clinical_edu_environment,cordova2019_clinical_edu_environment_1,item_21,"Postgraduate Hospital Educational Environment Measure (PHEEM), Spanish version adapted for physiotherapy interns (Cordova-Leon, Fernandez-Huerta & Rojas-Vargas, 2019) -- dictionary Description says 'DREEM-based' but this is PHEEM, a related but distinct Roff-family environment measure; worth correcting.",,,Hay acceso a un programa educativo pertinente a mis necesidades.,,Strongly Disagree,1
cordova2019_clinical_edu_environment,cordova2019_clinical_edu_environment_1,item_21,"Postgraduate Hospital Educational Environment Measure (PHEEM), Spanish version adapted for physiotherapy interns (Cordova-Leon, Fernandez-Huerta & Rojas-Vargas, 2019) -- dictionary Description says 'DREEM-based' but this is PHEEM, a related but distinct Roff-family environment measure; worth correcting.",,,Hay acceso a un programa educativo pertinente a mis necesidades.,,Disagree,2
cordova2019_clinical_edu_environment,cordova2019_clinical_edu_environment_1,item_21,"Postgraduate Hospital Educational Environment Measure (PHEEM), Spanish version adapted for physiotherapy interns (Cordova-Leon, Fernandez-Huerta & Rojas-Vargas, 2019) -- dictionary Description says 'DREEM-based' but this is PHEEM, a related but distinct Roff-family environment measure; worth correcting.",,,Hay acceso a un programa educativo pertinente a mis necesidades.,,Positive,3
cordova2019_clinical_edu_environment,cordova2019_clinical_edu_environment_1,item_21,"Postgraduate Hospital Educational Environment Measure (PHEEM), Spanish version adapted for physiotherapy interns (Cordova-Leon, Fernandez-Huerta & Rojas-Vargas, 2019) -- dictionary Description says 'DREEM-based' but this is PHEEM, a related but distinct Roff-family environment measure; worth correcting.",,,Hay acceso a un programa educativo pertinente a mis necesidades.,,Agree,4
cordova2019_clinical_edu_environment,cordova2019_clinical_edu_environment_1,item_21,"Postgraduate Hospital Educational Environment Measure (PHEEM), Spanish version adapted for physiotherapy interns (Cordova-Leon, Fernandez-Huerta & Rojas-Vargas, 2019) -- dictionary Description says 'DREEM-based' but this is PHEEM, a related but distinct Roff-family environment measure; worth correcting.",,,Hay acceso a un programa educativo pertinente a mis necesidades.,,Strongly Agree,5
cordova2019_clinical_edu_environment,cordova2019_clinical_edu_environment_1,item_22,"Postgraduate Hospital Educational Environment Measure (PHEEM), Spanish version adapted for physiotherapy interns (Cordova-Leon, Fernandez-Huerta & Rojas-Vargas, 2019) -- dictionary Description says 'DREEM-based' but this is PHEEM, a related but distinct Roff-family environment measure; worth correcting.",,,Recibo retroalimentación periódica de mi(s) tutor(es).,,Strongly Disagree,1
cordova2019_clinical_edu_environment,cordova2019_clinical_edu_environment_1,item_22,"Postgraduate Hospital Educational Environment Measure (PHEEM), Spanish version adapted for physiotherapy interns (Cordova-Leon, Fernandez-Huerta & Rojas-Vargas, 2019) -- dictionary Description says 'DREEM-based' but this is PHEEM, a related but distinct Roff-family environment measure; worth correcting.",,,Recibo retroalimentación periódica de mi(s) tutor(es).,,Disagree,2
cordova2019_clinical_edu_environment,cordova2019_clinical_edu_environment_1,item_22,"Postgraduate Hospital Educational Environment Measure (PHEEM), Spanish version adapted for physiotherapy interns (Cordova-Leon, Fernandez-Huerta & Rojas-Vargas, 2019) -- dictionary Description says 'DREEM-based' but this is PHEEM, a related but distinct Roff-family environment measure; worth correcting.",,,Recibo retroalimentación periódica de mi(s) tutor(es).,,Positive,3
cordova2019_clinical_edu_environment,cordova2019_clinical_edu_environment_1,item_22,"Postgraduate Hospital Educational Environment Measure (PHEEM), Spanish version adapted for physiotherapy interns (Cordova-Leon, Fernandez-Huerta & Rojas-Vargas, 2019) -- dictionary Description says 'DREEM-based' but this is PHEEM, a related but distinct Roff-family environment measure; worth correcting.",,,Recibo retroalimentación periódica de mi(s) tutor(es).,,Agree,4
cordova2019_clinical_edu_environment,cordova2019_clinical_edu_environment_1,item_22,"Postgraduate Hospital Educational Environment Measure (PHEEM), Spanish version adapted for physiotherapy interns (Cordova-Leon, Fernandez-Huerta & Rojas-Vargas, 2019) -- dictionary Description says 'DREEM-based' but this is PHEEM, a related but distinct Roff-family environment measure; worth correcting.",,,Recibo retroalimentación periódica de mi(s) tutor(es).,,Strongly Agree,5
cordova2019_clinical_edu_environment,cordova2019_clinical_edu_environment_1,item_23,"Postgraduate Hospital Educational Environment Measure (PHEEM), Spanish version adapted for physiotherapy interns (Cordova-Leon, Fernandez-Huerta & Rojas-Vargas, 2019) -- dictionary Description says 'DREEM-based' but this is PHEEM, a related but distinct Roff-family environment measure; worth correcting.",,,Mi(s) tutor(es) está(n) bien organizado(s) en sus actividades académicas.,,Strongly Disagree,1
cordova2019_clinical_edu_environment,cordova2019_clinical_edu_environment_1,item_23,"Postgraduate Hospital Educational Environment Measure (PHEEM), Spanish version adapted for physiotherapy interns (Cordova-Leon, Fernandez-Huerta & Rojas-Vargas, 2019) -- dictionary Description says 'DREEM-based' but this is PHEEM, a related but distinct Roff-family environment measure; worth correcting.",,,Mi(s) tutor(es) está(n) bien organizado(s) en sus actividades académicas.,,Disagree,2
cordova2019_clinical_edu_environment,cordova2019_clinical_edu_environment_1,item_23,"Postgraduate Hospital Educational Environment Measure (PHEEM), Spanish version adapted for physiotherapy interns (Cordova-Leon, Fernandez-Huerta & Rojas-Vargas, 2019) -- dictionary Description says 'DREEM-based' but this is PHEEM, a related but distinct Roff-family environment measure; worth correcting.",,,Mi(s) tutor(es) está(n) bien organizado(s) en sus actividades académicas.,,Positive,3
cordova2019_clinical_edu_environment,cordova2019_clinical_edu_environment_1,item_23,"Postgraduate Hospital Educational Environment Measure (PHEEM), Spanish version adapted for physiotherapy interns (Cordova-Leon, Fernandez-Huerta & Rojas-Vargas, 2019) -- dictionary Description says 'DREEM-based' but this is PHEEM, a related but distinct Roff-family environment measure; worth correcting.",,,Mi(s) tutor(es) está(n) bien organizado(s) en sus actividades académicas.,,Agree,4
cordova2019_clinical_edu_environment,cordova2019_clinical_edu_environment_1,item_23,"Postgraduate Hospital Educational Environment Measure (PHEEM), Spanish version adapted for physiotherapy interns (Cordova-Leon, Fernandez-Huerta & Rojas-Vargas, 2019) -- dictionary Description says 'DREEM-based' but this is PHEEM, a related but distinct Roff-family environment measure; worth correcting.",,,Mi(s) tutor(es) está(n) bien organizado(s) en sus actividades académicas.,,Strongly Agree,5
cordova2019_clinical_edu_environment,cordova2019_clinical_edu_environment_1,item_24,"Postgraduate Hospital Educational Environment Measure (PHEEM), Spanish version adapted for physiotherapy interns (Cordova-Leon, Fernandez-Huerta & Rojas-Vargas, 2019) -- dictionary Description says 'DREEM-based' but this is PHEEM, a related but distinct Roff-family environment measure; worth correcting.",,,Me siento físicamente seguro en el centro de Práctica Profesional.,,Strongly Disagree,1
cordova2019_clinical_edu_environment,cordova2019_clinical_edu_environment_1,item_24,"Postgraduate Hospital Educational Environment Measure (PHEEM), Spanish version adapted for physiotherapy interns (Cordova-Leon, Fernandez-Huerta & Rojas-Vargas, 2019) -- dictionary Description says 'DREEM-based' but this is PHEEM, a related but distinct Roff-family environment measure; worth correcting.",,,Me siento físicamente seguro en el centro de Práctica Profesional.,,Disagree,2
cordova2019_clinical_edu_environment,cordova2019_clinical_edu_environment_1,item_24,"Postgraduate Hospital Educational Environment Measure (PHEEM), Spanish version adapted for physiotherapy interns (Cordova-Leon, Fernandez-Huerta & Rojas-Vargas, 2019) -- dictionary Description says 'DREEM-based' but this is PHEEM, a related but distinct Roff-family environment measure; worth correcting.",,,Me siento físicamente seguro en el centro de Práctica Profesional.,,Positive,3
cordova2019_clinical_edu_environment,cordova2019_clinical_edu_environment_1,item_24,"Postgraduate Hospital Educational Environment Measure (PHEEM), Spanish version adapted for physiotherapy interns (Cordova-Leon, Fernandez-Huerta & Rojas-Vargas, 2019) -- dictionary Description says 'DREEM-based' but this is PHEEM, a related but distinct Roff-family environment measure; worth correcting.",,,Me siento físicamente seguro en el centro de Práctica Profesional.,,Agree,4
cordova2019_clinical_edu_environment,cordova2019_clinical_edu_environment_1,item_24,"Postgraduate Hospital Educational Environment Measure (PHEEM), Spanish version adapted for physiotherapy interns (Cordova-Leon, Fernandez-Huerta & Rojas-Vargas, 2019) -- dictionary Description says 'DREEM-based' but this is PHEEM, a related but distinct Roff-family environment measure; worth correcting.",,,Me siento físicamente seguro en el centro de Práctica Profesional.,,Strongly Agree,5
cordova2019_clinical_edu_environment,cordova2019_clinical_edu_environment_1,item_25,"Postgraduate Hospital Educational Environment Measure (PHEEM), Spanish version adapted for physiotherapy interns (Cordova-Leon, Fernandez-Huerta & Rojas-Vargas, 2019) -- dictionary Description says 'DREEM-based' but this is PHEEM, a related but distinct Roff-family environment measure; worth correcting.",,,Hay una cultura de tolerancia frente a las equivocaciones que pueda cometer en Práctica Profesional.,,Strongly Disagree,1
cordova2019_clinical_edu_environment,cordova2019_clinical_edu_environment_1,item_25,"Postgraduate Hospital Educational Environment Measure (PHEEM), Spanish version adapted for physiotherapy interns (Cordova-Leon, Fernandez-Huerta & Rojas-Vargas, 2019) -- dictionary Description says 'DREEM-based' but this is PHEEM, a related but distinct Roff-family environment measure; worth correcting.",,,Hay una cultura de tolerancia frente a las equivocaciones que pueda cometer en Práctica Profesional.,,Disagree,2
cordova2019_clinical_edu_environment,cordova2019_clinical_edu_environment_1,item_25,"Postgraduate Hospital Educational Environment Measure (PHEEM), Spanish version adapted for physiotherapy interns (Cordova-Leon, Fernandez-Huerta & Rojas-Vargas, 2019) -- dictionary Description says 'DREEM-based' but this is PHEEM, a related but distinct Roff-family environment measure; worth correcting.",,,Hay una cultura de tolerancia frente a las equivocaciones que pueda cometer en Práctica Profesional.,,Positive,3
cordova2019_clinical_edu_environment,cordova2019_clinical_edu_environment_1,item_25,"Postgraduate Hospital Educational Environment Measure (PHEEM), Spanish version adapted for physiotherapy interns (Cordova-Leon, Fernandez-Huerta & Rojas-Vargas, 2019) -- dictionary Description says 'DREEM-based' but this is PHEEM, a related but distinct Roff-family environment measure; worth correcting.",,,Hay una cultura de tolerancia frente a las equivocaciones que pueda cometer en Práctica Profesional.,,Agree,4
cordova2019_clinical_edu_environment,cordova2019_clinical_edu_environment_1,item_25,"Postgraduate Hospital Educational Environment Measure (PHEEM), Spanish version adapted for physiotherapy interns (Cordova-Leon, Fernandez-Huerta & Rojas-Vargas, 2019) -- dictionary Description says 'DREEM-based' but this is PHEEM, a related but distinct Roff-family environment measure; worth correcting.",,,Hay una cultura de tolerancia frente a las equivocaciones que pueda cometer en Práctica Profesional.,,Strongly Agree,5
cordova2019_clinical_edu_environment,cordova2019_clinical_edu_environment_1,item_26,"Postgraduate Hospital Educational Environment Measure (PHEEM), Spanish version adapted for physiotherapy interns (Cordova-Leon, Fernandez-Huerta & Rojas-Vargas, 2019) -- dictionary Description says 'DREEM-based' but this is PHEEM, a related but distinct Roff-family environment measure; worth correcting.",,,Existen instalaciones adecuadas para la alimentación.,,Strongly Disagree,1
cordova2019_clinical_edu_environment,cordova2019_clinical_edu_environment_1,item_26,"Postgraduate Hospital Educational Environment Measure (PHEEM), Spanish version adapted for physiotherapy interns (Cordova-Leon, Fernandez-Huerta & Rojas-Vargas, 2019) -- dictionary Description says 'DREEM-based' but this is PHEEM, a related but distinct Roff-family environment measure; worth correcting.",,,Existen instalaciones adecuadas para la alimentación.,,Disagree,2
cordova2019_clinical_edu_environment,cordova2019_clinical_edu_environment_1,item_26,"Postgraduate Hospital Educational Environment Measure (PHEEM), Spanish version adapted for physiotherapy interns (Cordova-Leon, Fernandez-Huerta & Rojas-Vargas, 2019) -- dictionary Description says 'DREEM-based' but this is PHEEM, a related but distinct Roff-family environment measure; worth correcting.",,,Existen instalaciones adecuadas para la alimentación.,,Positive,3
cordova2019_clinical_edu_environment,cordova2019_clinical_edu_environment_1,item_26,"Postgraduate Hospital Educational Environment Measure (PHEEM), Spanish version adapted for physiotherapy interns (Cordova-Leon, Fernandez-Huerta & Rojas-Vargas, 2019) -- dictionary Description says 'DREEM-based' but this is PHEEM, a related but distinct Roff-family environment measure; worth correcting.",,,Existen instalaciones adecuadas para la alimentación.,,Agree,4
cordova2019_clinical_edu_environment,cordova2019_clinical_edu_environment_1,item_26,"Postgraduate Hospital Educational Environment Measure (PHEEM), Spanish version adapted for physiotherapy interns (Cordova-Leon, Fernandez-Huerta & Rojas-Vargas, 2019) -- dictionary Description says 'DREEM-based' but this is PHEEM, a related but distinct Roff-family environment measure; worth correcting.",,,Existen instalaciones adecuadas para la alimentación.,,Strongly Agree,5
cordova2019_clinical_edu_environment,cordova2019_clinical_edu_environment_1,item_27,"Postgraduate Hospital Educational Environment Measure (PHEEM), Spanish version adapted for physiotherapy interns (Cordova-Leon, Fernandez-Huerta & Rojas-Vargas, 2019) -- dictionary Description says 'DREEM-based' but this is PHEEM, a related but distinct Roff-family environment measure; worth correcting.",,,Tengo la suficiente oportunidad de aprender para mis necesidades del ámbito profesional.,,Strongly Disagree,1
cordova2019_clinical_edu_environment,cordova2019_clinical_edu_environment_1,item_27,"Postgraduate Hospital Educational Environment Measure (PHEEM), Spanish version adapted for physiotherapy interns (Cordova-Leon, Fernandez-Huerta & Rojas-Vargas, 2019) -- dictionary Description says 'DREEM-based' but this is PHEEM, a related but distinct Roff-family environment measure; worth correcting.",,,Tengo la suficiente oportunidad de aprender para mis necesidades del ámbito profesional.,,Disagree,2
cordova2019_clinical_edu_environment,cordova2019_clinical_edu_environment_1,item_27,"Postgraduate Hospital Educational Environment Measure (PHEEM), Spanish version adapted for physiotherapy interns (Cordova-Leon, Fernandez-Huerta & Rojas-Vargas, 2019) -- dictionary Description says 'DREEM-based' but this is PHEEM, a related but distinct Roff-family environment measure; worth correcting.",,,Tengo la suficiente oportunidad de aprender para mis necesidades del ámbito profesional.,,Positive,3
cordova2019_clinical_edu_environment,cordova2019_clinical_edu_environment_1,item_27,"Postgraduate Hospital Educational Environment Measure (PHEEM), Spanish version adapted for physiotherapy interns (Cordova-Leon, Fernandez-Huerta & Rojas-Vargas, 2019) -- dictionary Description says 'DREEM-based' but this is PHEEM, a related but distinct Roff-family environment measure; worth correcting.",,,Tengo la suficiente oportunidad de aprender para mis necesidades del ámbito profesional.,,Agree,4
cordova2019_clinical_edu_environment,cordova2019_clinical_edu_environment_1,item_27,"Postgraduate Hospital Educational Environment Measure (PHEEM), Spanish version adapted for physiotherapy interns (Cordova-Leon, Fernandez-Huerta & Rojas-Vargas, 2019) -- dictionary Description says 'DREEM-based' but this is PHEEM, a related but distinct Roff-family environment measure; worth correcting.",,,Tengo la suficiente oportunidad de aprender para mis necesidades del ámbito profesional.,,Strongly Agree,5
cordova2019_clinical_edu_environment,cordova2019_clinical_edu_environment_1,item_28,"Postgraduate Hospital Educational Environment Measure (PHEEM), Spanish version adapted for physiotherapy interns (Cordova-Leon, Fernandez-Huerta & Rojas-Vargas, 2019) -- dictionary Description says 'DREEM-based' but this is PHEEM, a related but distinct Roff-family environment measure; worth correcting.",,,Mi(s) tutor(es) tiene(n) habilidades para la enseñanza y destreza clínica kinésica.,,Strongly Disagree,1
cordova2019_clinical_edu_environment,cordova2019_clinical_edu_environment_1,item_28,"Postgraduate Hospital Educational Environment Measure (PHEEM), Spanish version adapted for physiotherapy interns (Cordova-Leon, Fernandez-Huerta & Rojas-Vargas, 2019) -- dictionary Description says 'DREEM-based' but this is PHEEM, a related but distinct Roff-family environment measure; worth correcting.",,,Mi(s) tutor(es) tiene(n) habilidades para la enseñanza y destreza clínica kinésica.,,Disagree,2
cordova2019_clinical_edu_environment,cordova2019_clinical_edu_environment_1,item_28,"Postgraduate Hospital Educational Environment Measure (PHEEM), Spanish version adapted for physiotherapy interns (Cordova-Leon, Fernandez-Huerta & Rojas-Vargas, 2019) -- dictionary Description says 'DREEM-based' but this is PHEEM, a related but distinct Roff-family environment measure; worth correcting.",,,Mi(s) tutor(es) tiene(n) habilidades para la enseñanza y destreza clínica kinésica.,,Positive,3
cordova2019_clinical_edu_environment,cordova2019_clinical_edu_environment_1,item_28,"Postgraduate Hospital Educational Environment Measure (PHEEM), Spanish version adapted for physiotherapy interns (Cordova-Leon, Fernandez-Huerta & Rojas-Vargas, 2019) -- dictionary Description says 'DREEM-based' but this is PHEEM, a related but distinct Roff-family environment measure; worth correcting.",,,Mi(s) tutor(es) tiene(n) habilidades para la enseñanza y destreza clínica kinésica.,,Agree,4
cordova2019_clinical_edu_environment,cordova2019_clinical_edu_environment_1,item_28,"Postgraduate Hospital Educational Environment Measure (PHEEM), Spanish version adapted for physiotherapy interns (Cordova-Leon, Fernandez-Huerta & Rojas-Vargas, 2019) -- dictionary Description says 'DREEM-based' but this is PHEEM, a related but distinct Roff-family environment measure; worth correcting.",,,Mi(s) tutor(es) tiene(n) habilidades para la enseñanza y destreza clínica kinésica.,,Strongly Agree,5
cordova2019_clinical_edu_environment,cordova2019_clinical_edu_environment_1,item_29,"Postgraduate Hospital Educational Environment Measure (PHEEM), Spanish version adapted for physiotherapy interns (Cordova-Leon, Fernandez-Huerta & Rojas-Vargas, 2019) -- dictionary Description says 'DREEM-based' but this is PHEEM, a related but distinct Roff-family environment measure; worth correcting.",,,Aquí me siento parte de un equipo de trabajo.,,Strongly Disagree,1
cordova2019_clinical_edu_environment,cordova2019_clinical_edu_environment_1,item_29,"Postgraduate Hospital Educational Environment Measure (PHEEM), Spanish version adapted for physiotherapy interns (Cordova-Leon, Fernandez-Huerta & Rojas-Vargas, 2019) -- dictionary Description says 'DREEM-based' but this is PHEEM, a related but distinct Roff-family environment measure; worth correcting.",,,Aquí me siento parte de un equipo de trabajo.,,Disagree,2
cordova2019_clinical_edu_environment,cordova2019_clinical_edu_environment_1,item_29,"Postgraduate Hospital Educational Environment Measure (PHEEM), Spanish version adapted for physiotherapy interns (Cordova-Leon, Fernandez-Huerta & Rojas-Vargas, 2019) -- dictionary Description says 'DREEM-based' but this is PHEEM, a related but distinct Roff-family environment measure; worth correcting.",,,Aquí me siento parte de un equipo de trabajo.,,Positive,3
cordova2019_clinical_edu_environment,cordova2019_clinical_edu_environment_1,item_29,"Postgraduate Hospital Educational Environment Measure (PHEEM), Spanish version adapted for physiotherapy interns (Cordova-Leon, Fernandez-Huerta & Rojas-Vargas, 2019) -- dictionary Description says 'DREEM-based' but this is PHEEM, a related but distinct Roff-family environment measure; worth correcting.",,,Aquí me siento parte de un equipo de trabajo.,,Agree,4
cordova2019_clinical_edu_environment,cordova2019_clinical_edu_environment_1,item_29,"Postgraduate Hospital Educational Environment Measure (PHEEM), Spanish version adapted for physiotherapy interns (Cordova-Leon, Fernandez-Huerta & Rojas-Vargas, 2019) -- dictionary Description says 'DREEM-based' but this is PHEEM, a related but distinct Roff-family environment measure; worth correcting.",,,Aquí me siento parte de un equipo de trabajo.,,Strongly Agree,5
cordova2019_clinical_edu_environment,cordova2019_clinical_edu_environment_1,item_30,"Postgraduate Hospital Educational Environment Measure (PHEEM), Spanish version adapted for physiotherapy interns (Cordova-Leon, Fernandez-Huerta & Rojas-Vargas, 2019) -- dictionary Description says 'DREEM-based' but this is PHEEM, a related but distinct Roff-family environment measure; worth correcting.",,,Tengo la oportunidad de adquirir los procedimientos adecuados para la práctica kinesiológica.,,Strongly Disagree,1
cordova2019_clinical_edu_environment,cordova2019_clinical_edu_environment_1,item_30,"Postgraduate Hospital Educational Environment Measure (PHEEM), Spanish version adapted for physiotherapy interns (Cordova-Leon, Fernandez-Huerta & Rojas-Vargas, 2019) -- dictionary Description says 'DREEM-based' but this is PHEEM, a related but distinct Roff-family environment measure; worth correcting.",,,Tengo la oportunidad de adquirir los procedimientos adecuados para la práctica kinesiológica.,,Disagree,2
cordova2019_clinical_edu_environment,cordova2019_clinical_edu_environment_1,item_30,"Postgraduate Hospital Educational Environment Measure (PHEEM), Spanish version adapted for physiotherapy interns (Cordova-Leon, Fernandez-Huerta & Rojas-Vargas, 2019) -- dictionary Description says 'DREEM-based' but this is PHEEM, a related but distinct Roff-family environment measure; worth correcting.",,,Tengo la oportunidad de adquirir los procedimientos adecuados para la práctica kinesiológica.,,Positive,3
cordova2019_clinical_edu_environment,cordova2019_clinical_edu_environment_1,item_30,"Postgraduate Hospital Educational Environment Measure (PHEEM), Spanish version adapted for physiotherapy interns (Cordova-Leon, Fernandez-Huerta & Rojas-Vargas, 2019) -- dictionary Description says 'DREEM-based' but this is PHEEM, a related but distinct Roff-family environment measure; worth correcting.",,,Tengo la oportunidad de adquirir los procedimientos adecuados para la práctica kinesiológica.,,Agree,4
cordova2019_clinical_edu_environment,cordova2019_clinical_edu_environment_1,item_30,"Postgraduate Hospital Educational Environment Measure (PHEEM), Spanish version adapted for physiotherapy interns (Cordova-Leon, Fernandez-Huerta & Rojas-Vargas, 2019) -- dictionary Description says 'DREEM-based' but this is PHEEM, a related but distinct Roff-family environment measure; worth correcting.",,,Tengo la oportunidad de adquirir los procedimientos adecuados para la práctica kinesiológica.,,Strongly Agree,5
cordova2019_clinical_edu_environment,cordova2019_clinical_edu_environment_1,item_31,"Postgraduate Hospital Educational Environment Measure (PHEEM), Spanish version adapted for physiotherapy interns (Cordova-Leon, Fernandez-Huerta & Rojas-Vargas, 2019) -- dictionary Description says 'DREEM-based' but this is PHEEM, a related but distinct Roff-family environment measure; worth correcting.",,,Mi(s) tutor(es) está(n) disponible(s) para resolver mis dudas.,,Strongly Disagree,1
cordova2019_clinical_edu_environment,cordova2019_clinical_edu_environment_1,item_31,"Postgraduate Hospital Educational Environment Measure (PHEEM), Spanish version adapted for physiotherapy interns (Cordova-Leon, Fernandez-Huerta & Rojas-Vargas, 2019) -- dictionary Description says 'DREEM-based' but this is PHEEM, a related but distinct Roff-family environment measure; worth correcting.",,,Mi(s) tutor(es) está(n) disponible(s) para resolver mis dudas.,,Disagree,2
cordova2019_clinical_edu_environment,cordova2019_clinical_edu_environment_1,item_31,"Postgraduate Hospital Educational Environment Measure (PHEEM), Spanish version adapted for physiotherapy interns (Cordova-Leon, Fernandez-Huerta & Rojas-Vargas, 2019) -- dictionary Description says 'DREEM-based' but this is PHEEM, a related but distinct Roff-family environment measure; worth correcting.",,,Mi(s) tutor(es) está(n) disponible(s) para resolver mis dudas.,,Positive,3
cordova2019_clinical_edu_environment,cordova2019_clinical_edu_environment_1,item_31,"Postgraduate Hospital Educational Environment Measure (PHEEM), Spanish version adapted for physiotherapy interns (Cordova-Leon, Fernandez-Huerta & Rojas-Vargas, 2019) -- dictionary Description says 'DREEM-based' but this is PHEEM, a related but distinct Roff-family environment measure; worth correcting.",,,Mi(s) tutor(es) está(n) disponible(s) para resolver mis dudas.,,Agree,4
cordova2019_clinical_edu_environment,cordova2019_clinical_edu_environment_1,item_31,"Postgraduate Hospital Educational Environment Measure (PHEEM), Spanish version adapted for physiotherapy interns (Cordova-Leon, Fernandez-Huerta & Rojas-Vargas, 2019) -- dictionary Description says 'DREEM-based' but this is PHEEM, a related but distinct Roff-family environment measure; worth correcting.",,,Mi(s) tutor(es) está(n) disponible(s) para resolver mis dudas.,,Strongly Agree,5
cordova2019_clinical_edu_environment,cordova2019_clinical_edu_environment_1,item_32,"Postgraduate Hospital Educational Environment Measure (PHEEM), Spanish version adapted for physiotherapy interns (Cordova-Leon, Fernandez-Huerta & Rojas-Vargas, 2019) -- dictionary Description says 'DREEM-based' but this is PHEEM, a related but distinct Roff-family environment measure; worth correcting.",,,Mi carga de trabajo en esta rotación es adecuada.,,Strongly Disagree,1
cordova2019_clinical_edu_environment,cordova2019_clinical_edu_environment_1,item_32,"Postgraduate Hospital Educational Environment Measure (PHEEM), Spanish version adapted for physiotherapy interns (Cordova-Leon, Fernandez-Huerta & Rojas-Vargas, 2019) -- dictionary Description says 'DREEM-based' but this is PHEEM, a related but distinct Roff-family environment measure; worth correcting.",,,Mi carga de trabajo en esta rotación es adecuada.,,Disagree,2
cordova2019_clinical_edu_environment,cordova2019_clinical_edu_environment_1,item_32,"Postgraduate Hospital Educational Environment Measure (PHEEM), Spanish version adapted for physiotherapy interns (Cordova-Leon, Fernandez-Huerta & Rojas-Vargas, 2019) -- dictionary Description says 'DREEM-based' but this is PHEEM, a related but distinct Roff-family environment measure; worth correcting.",,,Mi carga de trabajo en esta rotación es adecuada.,,Positive,3
cordova2019_clinical_edu_environment,cordova2019_clinical_edu_environment_1,item_32,"Postgraduate Hospital Educational Environment Measure (PHEEM), Spanish version adapted for physiotherapy interns (Cordova-Leon, Fernandez-Huerta & Rojas-Vargas, 2019) -- dictionary Description says 'DREEM-based' but this is PHEEM, a related but distinct Roff-family environment measure; worth correcting.",,,Mi carga de trabajo en esta rotación es adecuada.,,Agree,4
cordova2019_clinical_edu_environment,cordova2019_clinical_edu_environment_1,item_32,"Postgraduate Hospital Educational Environment Measure (PHEEM), Spanish version adapted for physiotherapy interns (Cordova-Leon, Fernandez-Huerta & Rojas-Vargas, 2019) -- dictionary Description says 'DREEM-based' but this is PHEEM, a related but distinct Roff-family environment measure; worth correcting.",,,Mi carga de trabajo en esta rotación es adecuada.,,Strongly Agree,5
cordova2019_clinical_edu_environment,cordova2019_clinical_edu_environment_1,item_33,"Postgraduate Hospital Educational Environment Measure (PHEEM), Spanish version adapted for physiotherapy interns (Cordova-Leon, Fernandez-Huerta & Rojas-Vargas, 2019) -- dictionary Description says 'DREEM-based' but this is PHEEM, a related but distinct Roff-family environment measure; worth correcting.",,,Los docentes utilizan las oportunidades de aprendizaje en forma efectiva.,,Strongly Disagree,1
cordova2019_clinical_edu_environment,cordova2019_clinical_edu_environment_1,item_33,"Postgraduate Hospital Educational Environment Measure (PHEEM), Spanish version adapted for physiotherapy interns (Cordova-Leon, Fernandez-Huerta & Rojas-Vargas, 2019) -- dictionary Description says 'DREEM-based' but this is PHEEM, a related but distinct Roff-family environment measure; worth correcting.",,,Los docentes utilizan las oportunidades de aprendizaje en forma efectiva.,,Disagree,2
cordova2019_clinical_edu_environment,cordova2019_clinical_edu_environment_1,item_33,"Postgraduate Hospital Educational Environment Measure (PHEEM), Spanish version adapted for physiotherapy interns (Cordova-Leon, Fernandez-Huerta & Rojas-Vargas, 2019) -- dictionary Description says 'DREEM-based' but this is PHEEM, a related but distinct Roff-family environment measure; worth correcting.",,,Los docentes utilizan las oportunidades de aprendizaje en forma efectiva.,,Positive,3
cordova2019_clinical_edu_environment,cordova2019_clinical_edu_environment_1,item_33,"Postgraduate Hospital Educational Environment Measure (PHEEM), Spanish version adapted for physiotherapy interns (Cordova-Leon, Fernandez-Huerta & Rojas-Vargas, 2019) -- dictionary Description says 'DREEM-based' but this is PHEEM, a related but distinct Roff-family environment measure; worth correcting.",,,Los docentes utilizan las oportunidades de aprendizaje en forma efectiva.,,Agree,4
cordova2019_clinical_edu_environment,cordova2019_clinical_edu_environment_1,item_33,"Postgraduate Hospital Educational Environment Measure (PHEEM), Spanish version adapted for physiotherapy interns (Cordova-Leon, Fernandez-Huerta & Rojas-Vargas, 2019) -- dictionary Description says 'DREEM-based' but this is PHEEM, a related but distinct Roff-family environment measure; worth correcting.",,,Los docentes utilizan las oportunidades de aprendizaje en forma efectiva.,,Strongly Agree,5
cordova2019_clinical_edu_environment,cordova2019_clinical_edu_environment_1,item_34,"Postgraduate Hospital Educational Environment Measure (PHEEM), Spanish version adapted for physiotherapy interns (Cordova-Leon, Fernandez-Huerta & Rojas-Vargas, 2019) -- dictionary Description says 'DREEM-based' but this is PHEEM, a related but distinct Roff-family environment measure; worth correcting.",,,La formación en esta Práctica Profesional me hace sentir listo para la profesión de kinesiólogo.,,Strongly Disagree,1
cordova2019_clinical_edu_environment,cordova2019_clinical_edu_environment_1,item_34,"Postgraduate Hospital Educational Environment Measure (PHEEM), Spanish version adapted for physiotherapy interns (Cordova-Leon, Fernandez-Huerta & Rojas-Vargas, 2019) -- dictionary Description says 'DREEM-based' but this is PHEEM, a related but distinct Roff-family environment measure; worth correcting.",,,La formación en esta Práctica Profesional me hace sentir listo para la profesión de kinesiólogo.,,Disagree,2
cordova2019_clinical_edu_environment,cordova2019_clinical_edu_environment_1,item_34,"Postgraduate Hospital Educational Environment Measure (PHEEM), Spanish version adapted for physiotherapy interns (Cordova-Leon, Fernandez-Huerta & Rojas-Vargas, 2019) -- dictionary Description says 'DREEM-based' but this is PHEEM, a related but distinct Roff-family environment measure; worth correcting.",,,La formación en esta Práctica Profesional me hace sentir listo para la profesión de kinesiólogo.,,Positive,3
cordova2019_clinical_edu_environment,cordova2019_clinical_edu_environment_1,item_34,"Postgraduate Hospital Educational Environment Measure (PHEEM), Spanish version adapted for physiotherapy interns (Cordova-Leon, Fernandez-Huerta & Rojas-Vargas, 2019) -- dictionary Description says 'DREEM-based' but this is PHEEM, a related but distinct Roff-family environment measure; worth correcting.",,,La formación en esta Práctica Profesional me hace sentir listo para la profesión de kinesiólogo.,,Agree,4
cordova2019_clinical_edu_environment,cordova2019_clinical_edu_environment_1,item_34,"Postgraduate Hospital Educational Environment Measure (PHEEM), Spanish version adapted for physiotherapy interns (Cordova-Leon, Fernandez-Huerta & Rojas-Vargas, 2019) -- dictionary Description says 'DREEM-based' but this is PHEEM, a related but distinct Roff-family environment measure; worth correcting.",,,La formación en esta Práctica Profesional me hace sentir listo para la profesión de kinesiólogo.,,Strongly Agree,5
cordova2019_clinical_edu_environment,cordova2019_clinical_edu_environment_1,item_35,"Postgraduate Hospital Educational Environment Measure (PHEEM), Spanish version adapted for physiotherapy interns (Cordova-Leon, Fernandez-Huerta & Rojas-Vargas, 2019) -- dictionary Description says 'DREEM-based' but this is PHEEM, a related but distinct Roff-family environment measure; worth correcting.",,,"Mi(s) tutor(es) tiene(n) buenas destrezas como mentor (persona que, con mayor experiencia o conocimiento, ayuda a una persona de menos experiencia o conocimiento).",,Strongly Disagree,1
cordova2019_clinical_edu_environment,cordova2019_clinical_edu_environment_1,item_35,"Postgraduate Hospital Educational Environment Measure (PHEEM), Spanish version adapted for physiotherapy interns (Cordova-Leon, Fernandez-Huerta & Rojas-Vargas, 2019) -- dictionary Description says 'DREEM-based' but this is PHEEM, a related but distinct Roff-family environment measure; worth correcting.",,,"Mi(s) tutor(es) tiene(n) buenas destrezas como mentor (persona que, con mayor experiencia o conocimiento, ayuda a una persona de menos experiencia o conocimiento).",,Disagree,2
cordova2019_clinical_edu_environment,cordova2019_clinical_edu_environment_1,item_35,"Postgraduate Hospital Educational Environment Measure (PHEEM), Spanish version adapted for physiotherapy interns (Cordova-Leon, Fernandez-Huerta & Rojas-Vargas, 2019) -- dictionary Description says 'DREEM-based' but this is PHEEM, a related but distinct Roff-family environment measure; worth correcting.",,,"Mi(s) tutor(es) tiene(n) buenas destrezas como mentor (persona que, con mayor experiencia o conocimiento, ayuda a una persona de menos experiencia o conocimiento).",,Positive,3
cordova2019_clinical_edu_environment,cordova2019_clinical_edu_environment_1,item_35,"Postgraduate Hospital Educational Environment Measure (PHEEM), Spanish version adapted for physiotherapy interns (Cordova-Leon, Fernandez-Huerta & Rojas-Vargas, 2019) -- dictionary Description says 'DREEM-based' but this is PHEEM, a related but distinct Roff-family environment measure; worth correcting.",,,"Mi(s) tutor(es) tiene(n) buenas destrezas como mentor (persona que, con mayor experiencia o conocimiento, ayuda a una persona de menos experiencia o conocimiento).",,Agree,4
cordova2019_clinical_edu_environment,cordova2019_clinical_edu_environment_1,item_35,"Postgraduate Hospital Educational Environment Measure (PHEEM), Spanish version adapted for physiotherapy interns (Cordova-Leon, Fernandez-Huerta & Rojas-Vargas, 2019) -- dictionary Description says 'DREEM-based' but this is PHEEM, a related but distinct Roff-family environment measure; worth correcting.",,,"Mi(s) tutor(es) tiene(n) buenas destrezas como mentor (persona que, con mayor experiencia o conocimiento, ayuda a una persona de menos experiencia o conocimiento).",,Strongly Agree,5
cordova2019_clinical_edu_environment,cordova2019_clinical_edu_environment_1,item_36,"Postgraduate Hospital Educational Environment Measure (PHEEM), Spanish version adapted for physiotherapy interns (Cordova-Leon, Fernandez-Huerta & Rojas-Vargas, 2019) -- dictionary Description says 'DREEM-based' but this is PHEEM, a related but distinct Roff-family environment measure; worth correcting.",,,Tengo tiempo de disfrute en las actividades de esta rotación.,,Strongly Disagree,1
cordova2019_clinical_edu_environment,cordova2019_clinical_edu_environment_1,item_36,"Postgraduate Hospital Educational Environment Measure (PHEEM), Spanish version adapted for physiotherapy interns (Cordova-Leon, Fernandez-Huerta & Rojas-Vargas, 2019) -- dictionary Description says 'DREEM-based' but this is PHEEM, a related but distinct Roff-family environment measure; worth correcting.",,,Tengo tiempo de disfrute en las actividades de esta rotación.,,Disagree,2
cordova2019_clinical_edu_environment,cordova2019_clinical_edu_environment_1,item_36,"Postgraduate Hospital Educational Environment Measure (PHEEM), Spanish version adapted for physiotherapy interns (Cordova-Leon, Fernandez-Huerta & Rojas-Vargas, 2019) -- dictionary Description says 'DREEM-based' but this is PHEEM, a related but distinct Roff-family environment measure; worth correcting.",,,Tengo tiempo de disfrute en las actividades de esta rotación.,,Positive,3
cordova2019_clinical_edu_environment,cordova2019_clinical_edu_environment_1,item_36,"Postgraduate Hospital Educational Environment Measure (PHEEM), Spanish version adapted for physiotherapy interns (Cordova-Leon, Fernandez-Huerta & Rojas-Vargas, 2019) -- dictionary Description says 'DREEM-based' but this is PHEEM, a related but distinct Roff-family environment measure; worth correcting.",,,Tengo tiempo de disfrute en las actividades de esta rotación.,,Agree,4
cordova2019_clinical_edu_environment,cordova2019_clinical_edu_environment_1,item_36,"Postgraduate Hospital Educational Environment Measure (PHEEM), Spanish version adapted for physiotherapy interns (Cordova-Leon, Fernandez-Huerta & Rojas-Vargas, 2019) -- dictionary Description says 'DREEM-based' but this is PHEEM, a related but distinct Roff-family environment measure; worth correcting.",,,Tengo tiempo de disfrute en las actividades de esta rotación.,,Strongly Agree,5
cordova2019_clinical_edu_environment,cordova2019_clinical_edu_environment_1,item_37,"Postgraduate Hospital Educational Environment Measure (PHEEM), Spanish version adapted for physiotherapy interns (Cordova-Leon, Fernandez-Huerta & Rojas-Vargas, 2019) -- dictionary Description says 'DREEM-based' but this is PHEEM, a related but distinct Roff-family environment measure; worth correcting.",,,Mi(s) tutor(es) me animan a ser un estudiante independiente.,,Strongly Disagree,1
cordova2019_clinical_edu_environment,cordova2019_clinical_edu_environment_1,item_37,"Postgraduate Hospital Educational Environment Measure (PHEEM), Spanish version adapted for physiotherapy interns (Cordova-Leon, Fernandez-Huerta & Rojas-Vargas, 2019) -- dictionary Description says 'DREEM-based' but this is PHEEM, a related but distinct Roff-family environment measure; worth correcting.",,,Mi(s) tutor(es) me animan a ser un estudiante independiente.,,Disagree,2
cordova2019_clinical_edu_environment,cordova2019_clinical_edu_environment_1,item_37,"Postgraduate Hospital Educational Environment Measure (PHEEM), Spanish version adapted for physiotherapy interns (Cordova-Leon, Fernandez-Huerta & Rojas-Vargas, 2019) -- dictionary Description says 'DREEM-based' but this is PHEEM, a related but distinct Roff-family environment measure; worth correcting.",,,Mi(s) tutor(es) me animan a ser un estudiante independiente.,,Positive,3
cordova2019_clinical_edu_environment,cordova2019_clinical_edu_environment_1,item_37,"Postgraduate Hospital Educational Environment Measure (PHEEM), Spanish version adapted for physiotherapy interns (Cordova-Leon, Fernandez-Huerta & Rojas-Vargas, 2019) -- dictionary Description says 'DREEM-based' but this is PHEEM, a related but distinct Roff-family environment measure; worth correcting.",,,Mi(s) tutor(es) me animan a ser un estudiante independiente.,,Agree,4
cordova2019_clinical_edu_environment,cordova2019_clinical_edu_environment_1,item_37,"Postgraduate Hospital Educational Environment Measure (PHEEM), Spanish version adapted for physiotherapy interns (Cordova-Leon, Fernandez-Huerta & Rojas-Vargas, 2019) -- dictionary Description says 'DREEM-based' but this is PHEEM, a related but distinct Roff-family environment measure; worth correcting.",,,Mi(s) tutor(es) me animan a ser un estudiante independiente.,,Strongly Agree,5
cordova2019_clinical_edu_environment,cordova2019_clinical_edu_environment_1,item_38,"Postgraduate Hospital Educational Environment Measure (PHEEM), Spanish version adapted for physiotherapy interns (Cordova-Leon, Fernandez-Huerta & Rojas-Vargas, 2019) -- dictionary Description says 'DREEM-based' but this is PHEEM, a related but distinct Roff-family environment measure; worth correcting.",,,Hay oportunidades de reforzamiento en caso de obtener resultados insatisfactorios.,,Strongly Disagree,1
cordova2019_clinical_edu_environment,cordova2019_clinical_edu_environment_1,item_38,"Postgraduate Hospital Educational Environment Measure (PHEEM), Spanish version adapted for physiotherapy interns (Cordova-Leon, Fernandez-Huerta & Rojas-Vargas, 2019) -- dictionary Description says 'DREEM-based' but this is PHEEM, a related but distinct Roff-family environment measure; worth correcting.",,,Hay oportunidades de reforzamiento en caso de obtener resultados insatisfactorios.,,Disagree,2
cordova2019_clinical_edu_environment,cordova2019_clinical_edu_environment_1,item_38,"Postgraduate Hospital Educational Environment Measure (PHEEM), Spanish version adapted for physiotherapy interns (Cordova-Leon, Fernandez-Huerta & Rojas-Vargas, 2019) -- dictionary Description says 'DREEM-based' but this is PHEEM, a related but distinct Roff-family environment measure; worth correcting.",,,Hay oportunidades de reforzamiento en caso de obtener resultados insatisfactorios.,,Positive,3
cordova2019_clinical_edu_environment,cordova2019_clinical_edu_environment_1,item_38,"Postgraduate Hospital Educational Environment Measure (PHEEM), Spanish version adapted for physiotherapy interns (Cordova-Leon, Fernandez-Huerta & Rojas-Vargas, 2019) -- dictionary Description says 'DREEM-based' but this is PHEEM, a related but distinct Roff-family environment measure; worth correcting.",,,Hay oportunidades de reforzamiento en caso de obtener resultados insatisfactorios.,,Agree,4
cordova2019_clinical_edu_environment,cordova2019_clinical_edu_environment_1,item_38,"Postgraduate Hospital Educational Environment Measure (PHEEM), Spanish version adapted for physiotherapy interns (Cordova-Leon, Fernandez-Huerta & Rojas-Vargas, 2019) -- dictionary Description says 'DREEM-based' but this is PHEEM, a related but distinct Roff-family environment measure; worth correcting.",,,Hay oportunidades de reforzamiento en caso de obtener resultados insatisfactorios.,,Strongly Agree,5
cordova2019_clinical_edu_environment,cordova2019_clinical_edu_environment_1,item_39,"Postgraduate Hospital Educational Environment Measure (PHEEM), Spanish version adapted for physiotherapy interns (Cordova-Leon, Fernandez-Huerta & Rojas-Vargas, 2019) -- dictionary Description says 'DREEM-based' but this is PHEEM, a related but distinct Roff-family environment measure; worth correcting.",,,Mi(s) tutor(es) me retroalimenta(n) sobre fortalezas y debilidades.,,Strongly Disagree,1
cordova2019_clinical_edu_environment,cordova2019_clinical_edu_environment_1,item_39,"Postgraduate Hospital Educational Environment Measure (PHEEM), Spanish version adapted for physiotherapy interns (Cordova-Leon, Fernandez-Huerta & Rojas-Vargas, 2019) -- dictionary Description says 'DREEM-based' but this is PHEEM, a related but distinct Roff-family environment measure; worth correcting.",,,Mi(s) tutor(es) me retroalimenta(n) sobre fortalezas y debilidades.,,Disagree,2
cordova2019_clinical_edu_environment,cordova2019_clinical_edu_environment_1,item_39,"Postgraduate Hospital Educational Environment Measure (PHEEM), Spanish version adapted for physiotherapy interns (Cordova-Leon, Fernandez-Huerta & Rojas-Vargas, 2019) -- dictionary Description says 'DREEM-based' but this is PHEEM, a related but distinct Roff-family environment measure; worth correcting.",,,Mi(s) tutor(es) me retroalimenta(n) sobre fortalezas y debilidades.,,Positive,3
cordova2019_clinical_edu_environment,cordova2019_clinical_edu_environment_1,item_39,"Postgraduate Hospital Educational Environment Measure (PHEEM), Spanish version adapted for physiotherapy interns (Cordova-Leon, Fernandez-Huerta & Rojas-Vargas, 2019) -- dictionary Description says 'DREEM-based' but this is PHEEM, a related but distinct Roff-family environment measure; worth correcting.",,,Mi(s) tutor(es) me retroalimenta(n) sobre fortalezas y debilidades.,,Agree,4
cordova2019_clinical_edu_environment,cordova2019_clinical_edu_environment_1,item_39,"Postgraduate Hospital Educational Environment Measure (PHEEM), Spanish version adapted for physiotherapy interns (Cordova-Leon, Fernandez-Huerta & Rojas-Vargas, 2019) -- dictionary Description says 'DREEM-based' but this is PHEEM, a related but distinct Roff-family environment measure; worth correcting.",,,Mi(s) tutor(es) me retroalimenta(n) sobre fortalezas y debilidades.,,Strongly Agree,5
cordova2019_clinical_edu_environment,cordova2019_clinical_edu_environment_1,item_40,"Postgraduate Hospital Educational Environment Measure (PHEEM), Spanish version adapted for physiotherapy interns (Cordova-Leon, Fernandez-Huerta & Rojas-Vargas, 2019) -- dictionary Description says 'DREEM-based' but this is PHEEM, a related but distinct Roff-family environment measure; worth correcting.",,,Mi(s) tutor(es) promueven una atmósfera de mutuo respeto.,,Strongly Disagree,1
cordova2019_clinical_edu_environment,cordova2019_clinical_edu_environment_1,item_40,"Postgraduate Hospital Educational Environment Measure (PHEEM), Spanish version adapted for physiotherapy interns (Cordova-Leon, Fernandez-Huerta & Rojas-Vargas, 2019) -- dictionary Description says 'DREEM-based' but this is PHEEM, a related but distinct Roff-family environment measure; worth correcting.",,,Mi(s) tutor(es) promueven una atmósfera de mutuo respeto.,,Disagree,2
cordova2019_clinical_edu_environment,cordova2019_clinical_edu_environment_1,item_40,"Postgraduate Hospital Educational Environment Measure (PHEEM), Spanish version adapted for physiotherapy interns (Cordova-Leon, Fernandez-Huerta & Rojas-Vargas, 2019) -- dictionary Description says 'DREEM-based' but this is PHEEM, a related but distinct Roff-family environment measure; worth correcting.",,,Mi(s) tutor(es) promueven una atmósfera de mutuo respeto.,,Positive,3
cordova2019_clinical_edu_environment,cordova2019_clinical_edu_environment_1,item_40,"Postgraduate Hospital Educational Environment Measure (PHEEM), Spanish version adapted for physiotherapy interns (Cordova-Leon, Fernandez-Huerta & Rojas-Vargas, 2019) -- dictionary Description says 'DREEM-based' but this is PHEEM, a related but distinct Roff-family environment measure; worth correcting.",,,Mi(s) tutor(es) promueven una atmósfera de mutuo respeto.,,Agree,4
cordova2019_clinical_edu_environment,cordova2019_clinical_edu_environment_1,item_40,"Postgraduate Hospital Educational Environment Measure (PHEEM), Spanish version adapted for physiotherapy interns (Cordova-Leon, Fernandez-Huerta & Rojas-Vargas, 2019) -- dictionary Description says 'DREEM-based' but this is PHEEM, a related but distinct Roff-family environment measure; worth correcting.",,,Mi(s) tutor(es) promueven una atmósfera de mutuo respeto.,,Strongly Agree,5
