"table","mapping_basis","text_source","source_ref","note","public_note","uploaded"
"ALSECYPIAMH_WU_2022_PHQ","paper_order","canonical_instrument","10.1111/jora.12944","2 items (PHQ1, PHQ2), resp 0-3. The OSF raw .sav (osf.io/jqzbx) has unlabeled PHQ1/PHQ2 variables and the source paper is paywalled, so verbatim confirmation was not possible. Used the standard, universally documented PHQ-2 wording plus its 0-3 ""Not at all""->""Nearly every day"" scale and ""Over the last 2 weeks..."" stem, corroborated by a search summary of the paper's own description of administering PHQ-2 on a 0-3 scale.","Item text is the standard published PHQ-2 wording; the study's own materials are paywalled and its raw data file carries no item labels, so the exact administered wording is unconfirmed",""
"alsuhibani_2022_consp_s1","data_labels","study_materials","10.1371/journal.pone.0259053","5-item Conspiracy Mentality Questionnaire (Bruder et al. 2013), resp 1-11. Item text and value labels (0%-100% true, 11-point) read directly from the study's own PLOS supplementary s002.sav, matching live ground truth exactly. Cache shared with the sibling alsuhibani tables. | VERIFIED 2026-08-17: all 5 item_texts match the study .sav variable labels exactly (Study 1 file, s002).","",""
"alsuhibani_2022_ecrs_s3","data_labels","study_materials","10.1371/journal.pone.0259053","12-item ECR-12, resp 1-7. Item text and 7-point agreement value labels embedded verbatim in the study's own s004.sav; reverse-scored items carry an ""R"" suffix matching source naming. Per-item row counts uniform (638). | VERIFIED 2026-08-17: all 12 item_texts match the study .sav variable labels exactly (Study 3 file, s004).","",""
"alsuhibani_2022_gcbs","data_labels","canonical_instrument","10.1371/journal.pone.0259053","15-item Generic Conspiracist Beliefs Scale. Canonical Brotherton et al. (2013) item wording confirmed via the CRAN psychotools Rd_db() documentation (ConspiracistBeliefs2016.Rd), with instructions and the ""Definitely not true""->""Definitely true"" response text from the paper and openpsychometrics.org. Item/resp sets and per-item row counts matched ground truth exactly. | RECLASSIFIED 2026-08-17 (mapping-verification sweep): paper_explicit -> data_labels. The study's own PLOS supplementary .sav files DO carry full variable labels for every GCBS item (s003 as GCBS1..15, s004 as GCBS01..15), which the extraction missed. Live table pools both samples (1508 + 638 = 2146 ids) and the two label sets agree. Diffed our text against them: 14/15 identical apart from a trailing period we add, and GCBS_13 differed substantively -- the study wrote 'rumours', we had the US-spelled canonical 'rumors'. Corrected to the study's own wording.","",""
"alsuhibani_2022_loc","data_labels","study_materials","10.1371/journal.pone.0259053","24-item Levenson IPC / multidimensional locus-of-control scale. Item and response-option text read verbatim from variable and value labels in the study's own s002.sav -- the most authoritative source available. instructions left blank (none recoverable from paper or data file). | VERIFIED 2026-08-17: IRW codes LOC_01..LOC_24 are a documented cross-study rename (study 1/3 LOC01..24, study 2 LOC1..24) in data/alsuhibani_2022_conspiracy_paranoia.py. All 24 item_texts match the .sav variable labels exactly once the source's leading 'N.' numbering is dropped.","The paper's Methods describes this as a five-point scale, but the live data and the study's own SPSS data file both show a genuine 6-point ""Strongly disagree""->""Strongly agree"" scale; the data file was followed rather than the paper text",""
"alsuhibani_2022_npi_s3","data_labels","study_materials","10.1371/journal.pone.0259053","13-item forced-choice NPI-13. Paired A/B statement text extracted verbatim from value labels in the study's own s004.sav. Because forced-choice items have no separate question stem, item_text is deliberately blank and both statements are recorded as option_text for resp 0/1 -- an encoding choice, not a coverage gap. instructions left blank (none recoverable). | CHECKED 2026-08-17 (correcting an earlier note of mine that said the .sav has 'bare column names, not item text' -- that was true of the VARIABLE labels but wrong about the file): the paired A/B statements are in the .sav's VALUE labels, e.g. NPI01 {0: 'B- I don't like it when I find myself manipulating people.', 1: 'A- I find it easy to manipulate people.'}. All 26 shipped option_texts match those value labels exactly once the source's 'A-'/'B-' prefix is dropped. Dropping that prefix loses the link to the original NPI-13's A/B lettering (which alternative is the narcissistic one varies by item); the scored direction is preserved in resp. item_text remains blank by design.","",""
"alsuhibani_2022_pads_s1","data_labels","study_materials","10.1371/journal.pone.0259053","10-item PaDS, resp 0-4, from variable labels in the study's own s002.sav. Note: that file's raw values run 0-4 but its own value-label metadata is keyed 1-5; labels were mapped down by one, corroborated against the paper's stated 5-point scale and the original PaDS's published 0-4 scoring convention. | VERIFIED 2026-08-17: all 10 item_texts match the study .sav variable labels exactly.","",""
"alsuhibani_2022_pads_s2","data_labels","study_materials","10.1371/journal.pone.0259053","8-item PaDS-R, resp 1-5. Item text and value labels from the study's own s003.sav matched live data directly, with no offset issue. | VERIFIED 2026-08-17: all 8 item_texts match the study .sav variable labels exactly.","",""
"alsuhibani_2022_sers","data_labels","study_materials","10.1371/journal.pone.0259053","20 items, resp 1-7 (""Never"" to ""Always""). Confirmed via s003.sav (Study 2, 1508 rows) and cross-checked against s004.sav (Study 3, 638 rows) -- identical wording and value labels in both, and 1508+638=2146 matches the live per-item row count exactly, confirming the dictionary's ""combined across Studies 2-3"" note. | VERIFIED 2026-08-17: all 20 item_texts match the .sav variable labels exactly (cross-study rename SERS_NN).","",""
