"table","status","n_items_live","n_items_candidate","item_set_match","resp_set_match","uses_raw_resp","canonical_nulls","pct_item_text_missing","pct_option_text_missing","note"
"de_vries_2022_bat_burnout_core","PASS",23,23,TRUE,TRUE,FALSE,TRUE,0,0,""
"de_vries_2022_bat_secondary","PASS",10,10,TRUE,TRUE,FALSE,TRUE,0,0,""
"decamp_2022_online_discussion","PASS",12,12,TRUE,TRUE,FALSE,TRUE,0,0,""
"deilkas_2019_patient_safety_climate","PASS",62,62,TRUE,TRUE,FALSE,TRUE,0,0,""
"dejesus_2017_lequesne","PASS",10,10,TRUE,TRUE,FALSE,TRUE,0,4.8,"4.8% of rows have blank option_text"
"dejesus_2017_sf36","PASS",22,22,TRUE,TRUE,FALSE,TRUE,0,0,""
"derubeis_2017_arsq","PASS",40,40,TRUE,TRUE,FALSE,TRUE,0,66.7,"66.7% of rows have blank option_text"
"dinic_2025_shortdarktriad","PASS",27,27,TRUE,TRUE,FALSE,TRUE,0,60,"60% of rows have blank option_text"
"direkvand_2022_mjsi","PASS",25,25,TRUE,TRUE,FALSE,TRUE,0,100,"100% of rows have blank option_text"
